iter,loss,cos_to_init,cos_to_prev,eff_dim,lat_low,lat_mid,lat_high,ks_stat,ks_p,wasserstein1,kl_div,acorr_lag1,acorr_sum,psnr,ssim,lpips
0,0.246054,1.000000,1.000000,65543.046875,0.015456713,0.1254827,0.8590606,0.001410,0.828562,0.004682,0.000554,-0.000406,0.005110,10.865669,0.32773998,0.498782
1,0.186549,0.999996,0.999996,65544.226562,0.0154466275,0.1254836,0.85906976,0.001496,0.770263,0.002287,0.000540,-0.000414,0.005107,,,
2,0.143510,0.999985,0.999996,65545.523438,0.015446942,0.12548359,0.85906947,0.001550,0.731937,0.003825,0.000535,-0.000413,0.005111,,,
3,0.104518,0.999968,0.999996,65546.351562,0.015453694,0.12548353,0.85906273,0.001566,0.719715,0.003882,0.000537,-0.000407,0.005126,,,
4,0.072776,0.999946,0.999997,65546.921875,0.015466287,0.12548286,0.85905087,0.001552,0.730264,0.002620,0.000561,-0.000396,0.005162,,,
5,0.050984,0.999920,0.999997,65547.343750,0.01548276,0.12548168,0.8590356,0.001567,0.718959,0.003409,0.000548,-0.000382,0.005239,,,
6,0.040363,0.999893,0.999998,65547.617188,0.015500432,0.12548053,0.85901904,0.001575,0.712993,0.002820,0.000584,-0.000367,0.005336,,,
7,0.036825,0.999865,0.999998,65547.726562,0.015516242,0.12547976,0.85900396,0.001553,0.729728,0.003923,0.000581,-0.000354,0.005432,,,
8,0.037079,0.999839,0.999998,65547.609375,0.0155283455,0.1254794,0.8589923,0.001554,0.729038,0.005303,0.000540,-0.000345,0.005514,,,
9,0.037918,0.999814,0.999998,65547.242188,0.015536299,0.12547947,0.85898423,0.001542,0.737297,0.005207,0.000565,-0.000340,0.005571,,,
10,0.038302,0.999790,0.999999,65546.648438,0.015540291,0.12547982,0.8589799,0.001538,0.740361,0.003455,0.000559,-0.000337,0.005610,17.825323,0.5147211,0.281657
11,0.037666,0.999767,0.999999,65545.843750,0.0155409565,0.12548032,0.85897875,0.001532,0.744918,0.002284,0.000538,-0.000337,0.005632,,,
12,0.035922,0.999745,0.999999,65544.851562,0.015539291,0.1254809,0.85897976,0.001531,0.745249,0.006197,0.000550,-0.000337,0.005642,,,
13,0.033432,0.999724,0.999999,65543.710938,0.01553649,0.12548149,0.858982,0.001508,0.761822,0.003524,0.000551,-0.000338,0.005646,,,
14,0.030633,0.999703,0.999999,65542.460938,0.015533764,0.12548201,0.85898423,0.001565,0.720931,0.002591,0.000544,-0.000338,0.005650,,,
15,0.027996,0.999682,0.999999,65541.156250,0.01553221,0.12548241,0.85898536,0.001558,0.726091,0.003108,0.000589,-0.000336,0.005659,,,
16,0.025796,0.999661,0.999999,65539.851562,0.015532636,0.12548263,0.85898477,0.001596,0.698145,0.003368,0.000590,-0.000332,0.005678,,,
17,0.023994,0.999639,0.999999,65538.570312,0.015535506,0.1254826,0.85898185,0.001583,0.707756,0.002164,0.000591,-0.000325,0.005706,,,
18,0.022243,0.999617,0.999999,65537.382812,0.015540962,0.12548232,0.8589767,0.001570,0.717177,0.004609,0.000562,-0.000316,0.005742,,,
19,0.020676,0.999594,0.999999,65536.304688,0.015548855,0.12548183,0.8589694,0.001623,0.677861,0.003621,0.000551,-0.000305,0.005787,,,
20,0.019390,0.999572,0.999999,65535.375000,0.015558801,0.12548108,0.8589601,0.001619,0.680802,0.002712,0.000566,-0.000293,0.005838,20.618928,0.54185134,0.220415
21,0.018333,0.999549,0.999999,65534.578125,0.01557029,0.12548013,0.85894954,0.001599,0.695389,0.003274,0.000582,-0.000280,0.005905,,,
22,0.017614,0.999526,0.999999,65533.921875,0.015582815,0.12547904,0.8589381,0.001582,0.708204,0.004026,0.000556,-0.000266,0.005975,,,
23,0.017259,0.999504,0.999999,65533.375000,0.015595913,0.12547787,0.85892624,0.001569,0.717733,0.002924,0.000563,-0.000252,0.006046,,,
24,0.017155,0.999482,0.999999,65532.937500,0.015609229,0.12547664,0.8589141,0.001558,0.725538,0.003410,0.000555,-0.000238,0.006117,,,
25,0.017122,0.999461,0.999999,65532.593750,0.015622516,0.12547542,0.85890204,0.001557,0.726691,0.002485,0.000572,-0.000224,0.006186,,,
26,0.017021,0.999439,0.999999,65532.312500,0.015635597,0.12547421,0.8588902,0.001565,0.720430,0.003032,0.000584,-0.000211,0.006255,,,
27,0.016782,0.999419,0.999999,65532.101562,0.015648304,0.12547304,0.8588786,0.001559,0.725392,0.004248,0.000575,-0.000199,0.006326,,,
28,0.016399,0.999398,0.999999,65531.921875,0.015660468,0.1254719,0.85886765,0.001574,0.713711,0.003063,0.000581,-0.000187,0.006408,,,
29,0.015890,0.999378,1.000000,65531.781250,0.015671855,0.12547079,0.85885733,0.001545,0.735415,0.002753,0.000594,-0.000177,0.006485,,,
30,0.015319,0.999358,0.999999,65531.679688,0.015682172,0.12546979,0.85884804,0.001518,0.754858,0.003935,0.000596,-0.000167,0.006557,21.901449,0.5615011,0.181572
31,0.014789,0.999339,0.999999,65531.609375,0.015691062,0.12546887,0.8588401,0.001562,0.722832,0.003687,0.000592,-0.000159,0.006619,,,
32,0.014415,0.999321,0.999999,65531.578125,0.015698152,0.12546812,0.85883373,0.001521,0.752736,0.005510,0.000586,-0.000153,0.006669,,,
33,0.014251,0.999303,0.999999,65531.585938,0.015703136,0.12546754,0.8588293,0.001527,0.748018,0.002984,0.000561,-0.000149,0.006703,,,
34,0.014247,0.999286,1.000000,65531.625000,0.015705874,0.12546723,0.85882694,0.001486,0.777244,0.003900,0.000544,-0.000147,0.006720,,,
35,0.014278,0.999270,0.999999,65531.687500,0.015706373,0.1254671,0.8588266,0.001491,0.774049,0.002827,0.000561,-0.000147,0.006718,,,
36,0.014224,0.999256,0.999999,65531.757812,0.015704792,0.12546721,0.858828,0.001470,0.788524,0.003207,0.000549,-0.000149,0.006698,,,
37,0.014041,0.999242,1.000000,65531.835938,0.015701406,0.12546752,0.85883105,0.001462,0.793988,0.003865,0.000549,-0.000152,0.006664,,,
38,0.013772,0.999228,1.000000,65531.882812,0.015696565,0.12546796,0.8588355,0.001493,0.772778,0.002885,0.000540,-0.000157,0.006617,,,
39,0.013495,0.999215,1.000000,65531.898438,0.015690645,0.12546848,0.8588409,0.001461,0.795131,0.003034,0.000543,-0.000163,0.006562,,,
40,0.013266,0.999202,1.000000,65531.867188,0.015684027,0.12546906,0.8588469,0.001448,0.803665,0.003117,0.000532,-0.000169,0.006510,22.702735,0.59110755,0.157292
41,0.013100,0.999189,0.999999,65531.781250,0.015677061,0.12546962,0.8588533,0.001408,0.830307,0.002272,0.000553,-0.000176,0.006454,,,
42,0.012985,0.999177,1.000000,65531.664062,0.015670057,0.12547016,0.8588598,0.001441,0.808093,0.002228,0.000566,-0.000183,0.006399,,,
43,0.012900,0.999164,1.000000,65531.507812,0.015663289,0.12547071,0.858866,0.001447,0.804192,0.003347,0.000580,-0.000190,0.006345,,,
44,0.012826,0.999152,1.000000,65531.367188,0.015656974,0.1254712,0.8588718,0.001429,0.816384,0.002812,0.000546,-0.000196,0.006295,,,
45,0.012750,0.999139,1.000000,65531.179688,0.01565128,0.12547165,0.85887706,0.001434,0.813006,0.004171,0.000559,-0.000202,0.006248,,,
46,0.012663,0.999125,1.000000,65531.000000,0.015646333,0.12547204,0.8588816,0.001432,0.814650,0.003649,0.000563,-0.000207,0.006208,,,
47,0.012569,0.999112,1.000000,65530.828125,0.015642215,0.12547238,0.85888547,0.001439,0.809949,0.002988,0.000570,-0.000212,0.006175,,,
48,0.012474,0.999098,1.000000,65530.664062,0.015638947,0.12547259,0.8588885,0.001437,0.810950,0.003173,0.000564,-0.000215,0.006151,,,
49,0.012383,0.999085,1.000000,65530.484375,0.015636511,0.12547271,0.8588908,0.001435,0.812447,0.002964,0.000571,-0.000218,0.006131,,,
50,0.012298,0.999071,1.000000,65530.320312,0.015634835,0.12547271,0.85889244,0.001455,0.798814,0.005932,0.000565,-0.000220,0.006116,23.067537,0.5938797,0.149520
51,0.012216,0.999057,1.000000,65530.140625,0.015633805,0.12547266,0.8588936,0.001448,0.803979,0.002948,0.000586,-0.000222,0.006105,,,
52,0.012135,0.999044,1.000000,65529.929688,0.015633263,0.12547253,0.8588942,0.001404,0.832345,0.002430,0.000600,-0.000223,0.006097,,,
53,0.012059,0.999030,1.000000,65529.718750,0.015633035,0.12547237,0.8588946,0.001370,0.854020,0.002603,0.000587,-0.000223,0.006091,,,
54,0.011993,0.999016,1.000000,65529.500000,0.015632967,0.1254722,0.8588949,0.001355,0.862906,0.003145,0.000579,-0.000224,0.006086,,,
55,0.011947,0.999002,1.000000,65529.281250,0.015632888,0.12547201,0.85889506,0.001350,0.865355,0.002539,0.000554,-0.000225,0.006082,,,
56,0.011923,0.998989,1.000000,65529.054688,0.015632683,0.12547186,0.8588954,0.001360,0.859656,0.004515,0.000579,-0.000225,0.006077,,,
57,0.011917,0.998976,1.000000,65528.820312,0.015632272,0.12547174,0.858896,0.001345,0.868289,0.003087,0.000586,-0.000226,0.006071,,,
58,0.011914,0.998963,1.000000,65528.617188,0.01563164,0.12547164,0.8588967,0.001353,0.863824,0.003616,0.000613,-0.000227,0.006063,,,
59,0.011905,0.998949,1.000000,65528.437500,0.015630836,0.12547159,0.8588976,0.001366,0.856036,0.004099,0.000610,-0.000228,0.006055,,,
60,0.011883,0.998936,1.000000,65528.273438,0.015629953,0.12547158,0.8588985,0.001360,0.859445,0.005520,0.000607,-0.000229,0.006047,23.236614,0.6013499,0.148552
61,0.011853,0.998923,1.000000,65528.109375,0.015629122,0.12547156,0.85889935,0.001347,0.867407,0.004707,0.000613,-0.000230,0.006039,,,
62,0.011820,0.998910,1.000000,65527.937500,0.015628476,0.12547155,0.85889995,0.001360,0.859609,0.003192,0.000607,-0.000231,0.006033,,,
63,0.011791,0.998897,1.000000,65527.812500,0.015628148,0.12547152,0.8589003,0.001387,0.843349,0.002819,0.000610,-0.000231,0.006029,,,
64,0.011767,0.998883,1.000000,65527.664062,0.015628243,0.12547146,0.8589003,0.001354,0.863396,0.001703,0.000588,-0.000231,0.006027,,,
65,0.011743,0.998870,1.000000,65527.531250,0.015628828,0.12547135,0.8588998,0.001354,0.863126,0.002544,0.000588,-0.000230,0.006029,,,
66,0.011716,0.998856,1.000000,65527.406250,0.015629938,0.1254712,0.8588988,0.001355,0.862526,0.003404,0.000600,-0.000229,0.006033,,,
67,0.011683,0.998843,1.000000,65527.312500,0.015631575,0.12547101,0.8588974,0.001314,0.886184,0.004705,0.000588,-0.000227,0.006040,,,
68,0.011646,0.998828,1.000000,65527.218750,0.0156337,0.12547076,0.8588956,0.001337,0.873084,0.003794,0.000595,-0.000225,0.006049,,,
69,0.011607,0.998815,1.000000,65527.156250,0.015636249,0.12547046,0.85889333,0.001345,0.868589,0.003157,0.000572,-0.000222,0.006060,,,
70,0.011570,0.998800,1.000000,65527.109375,0.015639145,0.1254701,0.8588908,0.001371,0.853185,0.003785,0.000573,-0.000219,0.006071,23.538662,0.60825104,0.143325
71,0.011537,0.998786,1.000000,65527.109375,0.015642306,0.12546973,0.858888,0.001379,0.848504,0.003154,0.000561,-0.000216,0.006085,,,
72,0.011509,0.998771,1.000000,65527.101562,0.015645651,0.1254693,0.85888505,0.001403,0.833281,0.003861,0.000560,-0.000213,0.006101,,,
73,0.011486,0.998756,1.000000,65527.125000,0.015649108,0.12546885,0.858882,0.001389,0.842271,0.003605,0.000552,-0.000209,0.006116,,,
74,0.011466,0.998742,1.000000,65527.179688,0.01565262,0.12546837,0.85887897,0.001415,0.825298,0.002752,0.000559,-0.000206,0.006130,,,
75,0.011447,0.998727,1.000000,65527.234375,0.015656153,0.12546788,0.858876,0.001394,0.838631,0.004047,0.000527,-0.000203,0.006142,,,
76,0.011430,0.998713,1.000000,65527.296875,0.015659684,0.12546736,0.858873,0.001408,0.829899,0.003004,0.000522,-0.000199,0.006154,,,
77,0.011416,0.998699,1.000000,65527.375000,0.01566321,0.12546682,0.8588699,0.001413,0.826479,0.003461,0.000507,-0.000196,0.006164,,,
78,0.011404,0.998684,1.000000,65527.468750,0.01566674,0.12546627,0.858867,0.001432,0.814083,0.003452,0.000533,-0.000193,0.006173,,,
79,0.011393,0.998670,1.000000,65527.570312,0.015670288,0.12546569,0.858864,0.001430,0.815384,0.003022,0.000537,-0.000189,0.006181,,,
80,0.011383,0.998656,1.000000,65527.687500,0.015673868,0.1254651,0.858861,0.001426,0.818155,0.003307,0.000524,-0.000186,0.006189,23.951712,0.6146911,0.138643
81,0.011371,0.998642,1.000000,65527.820312,0.015677502,0.12546448,0.858858,0.001384,0.845327,0.003616,0.000550,-0.000182,0.006197,,,
82,0.011357,0.998628,1.000000,65527.960938,0.01568121,0.12546389,0.85885495,0.001358,0.861010,0.002259,0.000552,-0.000178,0.006204,,,
83,0.011344,0.998614,1.000000,65528.109375,0.015684994,0.12546326,0.85885173,0.001377,0.849631,0.003252,0.000550,-0.000175,0.006211,,,
84,0.011332,0.998600,1.000000,65528.250000,0.015688859,0.12546262,0.8588485,0.001354,0.863496,0.004535,0.000532,-0.000171,0.006219,,,
85,0.011322,0.998586,1.000000,65528.437500,0.015692802,0.125462,0.85884523,0.001377,0.849352,0.002792,0.000537,-0.000167,0.006226,,,
86,0.011313,0.998572,1.000000,65528.593750,0.015696827,0.12546137,0.85884184,0.001388,0.842398,0.001972,0.000536,-0.000163,0.006234,,,
87,0.011303,0.998559,1.000000,65528.765625,0.015700923,0.12546074,0.8588384,0.001400,0.834850,0.003726,0.000542,-0.000159,0.006241,,,
88,0.011294,0.998545,1.000000,65528.929688,0.01570508,0.12546012,0.8588348,0.001386,0.843797,0.003925,0.000538,-0.000155,0.006248,,,
89,0.011284,0.998531,1.000000,65529.101562,0.015709305,0.12545949,0.8588312,0.001341,0.870639,0.002641,0.000532,-0.000150,0.006254,,,
90,0.011274,0.998518,1.000000,65529.281250,0.015713595,0.12545888,0.85882753,0.001307,0.889651,0.002720,0.000537,-0.000146,0.006260,24.192208,0.6193591,0.134822
91,0.011265,0.998504,1.000000,65529.453125,0.015717955,0.12545829,0.8588238,0.001319,0.883028,0.003222,0.000529,-0.000142,0.006265,,,
92,0.011256,0.998491,1.000000,65529.632812,0.015722392,0.12545769,0.85881996,0.001300,0.893542,0.003142,0.000518,-0.000138,0.006269,,,
93,0.011249,0.998477,1.000000,65529.789062,0.015726916,0.12545708,0.85881597,0.001300,0.893551,0.003340,0.000512,-0.000133,0.006273,,,
94,0.011242,0.998464,1.000000,65529.937500,0.015731541,0.12545648,0.858812,0.001286,0.900840,0.004252,0.000512,-0.000129,0.006278,,,
95,0.011235,0.998451,1.000000,65530.109375,0.01573627,0.12545589,0.85880786,0.001312,0.886875,0.003879,0.000506,-0.000124,0.006283,,,
96,0.011228,0.998438,1.000000,65530.257812,0.015741112,0.12545526,0.85880363,0.001330,0.877279,0.004168,0.000520,-0.000119,0.006288,,,
97,0.011222,0.998425,1.000000,65530.398438,0.015746064,0.12545465,0.8587993,0.001370,0.853690,0.002803,0.000517,-0.000114,0.006293,,,
98,0.011216,0.998411,1.000000,65530.523438,0.015751129,0.12545404,0.85879487,0.001368,0.854939,0.005382,0.000513,-0.000109,0.006299,,,
99,0.011211,0.998398,1.000000,65530.640625,0.015756309,0.1254534,0.8587903,0.001332,0.875846,0.002180,0.000509,-0.000104,0.006305,,,
100,0.011207,0.998385,1.000000,65530.750000,0.01576162,0.12545276,0.8587856,0.001334,0.875072,0.002736,0.000500,-0.000098,0.006313,24.395119,0.6221394,0.133330
101,0.011203,0.998372,1.000000,65530.875000,0.015767071,0.1254521,0.85878086,0.001340,0.871712,0.002364,0.000486,-0.000093,0.006331,,,
102,0.011199,0.998358,1.000000,65530.968750,0.015772685,0.12545142,0.8587759,0.001356,0.861929,0.003384,0.000486,-0.000087,0.006351,,,
103,0.011195,0.998345,1.000000,65531.062500,0.015778478,0.12545072,0.8587708,0.001341,0.870721,0.003404,0.000488,-0.000081,0.006371,,,
104,0.011191,0.998332,1.000000,65531.125000,0.015784482,0.12545,0.85876554,0.001360,0.859665,0.003728,0.000499,-0.000075,0.006393,,,
105,0.011187,0.998318,1.000000,65531.203125,0.01579071,0.12544926,0.85876006,0.001348,0.866553,0.002806,0.000497,-0.000069,0.006417,,,
106,0.011184,0.998305,1.000000,65531.296875,0.015797177,0.12544847,0.8587544,0.001377,0.849240,0.002895,0.000482,-0.000062,0.006441,,,
107,0.011180,0.998291,1.000000,65531.343750,0.015803881,0.12544763,0.85874844,0.001369,0.854178,0.003190,0.000479,-0.000055,0.006468,,,
108,0.011177,0.998277,1.000000,65531.390625,0.01581082,0.1254468,0.85874236,0.001361,0.858990,0.003767,0.000479,-0.000048,0.006496,,,
109,0.011173,0.998264,1.000000,65531.453125,0.015817964,0.12544592,0.8587361,0.001356,0.861917,0.007792,0.000491,-0.000041,0.006525,,,
110,0.011169,0.998249,1.000000,65531.500000,0.015825296,0.12544504,0.8587297,0.001358,0.860700,0.003552,0.000488,-0.000034,0.006554,24.527597,0.62496203,0.132135
111,0.011165,0.998236,1.000000,65531.531250,0.015832776,0.12544411,0.85872304,0.001348,0.867041,0.002881,0.000501,-0.000026,0.006585,,,
112,0.011162,0.998222,1.000000,65531.578125,0.015840383,0.12544319,0.85871637,0.001343,0.869859,0.002560,0.000506,-0.000019,0.006616,,,
113,0.011159,0.998208,1.000000,65531.609375,0.015848085,0.12544225,0.85870963,0.001310,0.888157,0.006542,0.000497,-0.000011,0.006647,,,
114,0.011155,0.998194,1.000000,65531.640625,0.015855866,0.1254413,0.85870284,0.001327,0.879017,0.003381,0.000503,-0.000003,0.006678,,,
115,0.011152,0.998180,1.000000,65531.664062,0.015863705,0.12544033,0.8586959,0.001331,0.876745,0.002252,0.000503,0.000005,0.006718,,,
116,0.011149,0.998166,1.000000,65531.687500,0.015871607,0.12543939,0.85868907,0.001336,0.873564,0.004759,0.000500,0.000013,0.006765,,,
117,0.011146,0.998152,1.000000,65531.710938,0.01587957,0.12543844,0.85868204,0.001349,0.865996,0.008497,0.000490,0.000021,0.006811,,,
118,0.011143,0.998138,1.000000,65531.734375,0.015887603,0.12543745,0.85867494,0.001377,0.849464,0.003809,0.000497,0.000029,0.006857,,,
119,0.011140,0.998124,1.000000,65531.726562,0.015895713,0.12543648,0.8586678,0.001343,0.869872,0.003937,0.000478,0.000037,0.006904,,,
120,0.011137,0.998110,1.000000,65531.710938,0.015903916,0.12543552,0.85866064,0.001351,0.865014,0.002695,0.000476,0.000046,0.006950,24.630481,0.6278785,0.130514
121,0.011134,0.998096,1.000000,65531.726562,0.015912205,0.1254345,0.85865325,0.001340,0.871312,0.003112,0.000480,0.000054,0.006997,,,
122,0.011131,0.998082,1.000000,65531.710938,0.015920589,0.12543352,0.85864586,0.001365,0.856747,0.003925,0.000481,0.000063,0.007043,,,
123,0.011129,0.998067,1.000000,65531.695312,0.015929068,0.12543252,0.8586384,0.001365,0.856704,0.004990,0.000476,0.000071,0.007090,,,
124,0.011126,0.998053,1.000000,65531.687500,0.015937647,0.12543151,0.85863084,0.001366,0.855852,0.004428,0.000480,0.000080,0.007137,,,
125,0.011124,0.998039,1.000000,65531.671875,0.015946325,0.12543048,0.8586232,0.001346,0.867766,0.002629,0.000489,0.000089,0.007185,,,
126,0.011121,0.998025,1.000000,65531.640625,0.015955094,0.12542945,0.85861546,0.001331,0.876644,0.002694,0.000486,0.000098,0.007233,,,
127,0.011119,0.998010,1.000000,65531.625000,0.015963959,0.12542841,0.85860765,0.001335,0.874040,0.002651,0.000473,0.000107,0.007281,,,
128,0.011117,0.997996,1.000000,65531.578125,0.015972914,0.12542738,0.8585997,0.001342,0.870076,0.003593,0.000478,0.000116,0.007330,,,
129,0.011114,0.997982,1.000000,65531.562500,0.015981957,0.1254263,0.8585917,0.001350,0.865784,0.004864,0.000480,0.000125,0.007379,,,
130,0.011112,0.997967,1.000000,65531.523438,0.015991086,0.12542523,0.8585837,0.001363,0.857886,0.004245,0.000477,0.000134,0.007428,24.719466,0.6301629,0.129349
131,0.011110,0.997953,1.000000,65531.500000,0.01600031,0.12542416,0.8585755,0.001389,0.842000,0.002798,0.000471,0.000143,0.007478,,,
132,0.011108,0.997938,1.000000,65531.453125,0.016009621,0.12542307,0.8585673,0.001413,0.826621,0.004243,0.000473,0.000153,0.007528,,,
133,0.011106,0.997924,1.000000,65531.421875,0.016019024,0.12542197,0.858559,0.001428,0.817149,0.006390,0.000482,0.000162,0.007578,,,
134,0.011104,0.997909,1.000000,65531.398438,0.016028527,0.12542087,0.85855055,0.001439,0.809795,0.002270,0.000493,0.000172,0.007629,,,
135,0.011102,0.997895,1.000000,65531.343750,0.01603813,0.12541975,0.85854214,0.001434,0.813002,0.003474,0.000490,0.000182,0.007680,,,
136,0.011100,0.997880,1.000000,65531.312500,0.016047847,0.12541862,0.8585335,0.001415,0.825393,0.006363,0.000484,0.000192,0.007731,,,
137,0.011098,0.997866,1.000000,65531.273438,0.01605768,0.12541746,0.85852486,0.001428,0.817051,0.004210,0.000487,0.000202,0.007783,,,
138,0.011096,0.997851,1.000000,65531.250000,0.016067639,0.12541631,0.85851604,0.001432,0.814548,0.004952,0.000479,0.000212,0.007836,,,
139,0.011094,0.997836,1.000000,65531.218750,0.016077729,0.12541513,0.8585071,0.001447,0.804361,0.002735,0.000490,0.000222,0.007889,,,
140,0.011092,0.997822,1.000000,65531.164062,0.016087964,0.12541395,0.85849804,0.001470,0.788694,0.004709,0.000488,0.000232,0.007943,24.796649,0.63225126,0.128158
141,0.011091,0.997806,1.000000,65531.140625,0.016098343,0.12541272,0.8584889,0.001459,0.796263,0.002345,0.000487,0.000243,0.007997,,,
142,0.011089,0.997792,1.000000,65531.109375,0.016108876,0.12541151,0.8584796,0.001459,0.795982,0.002710,0.000498,0.000254,0.008052,,,
143,0.011087,0.997777,1.000000,65531.070312,0.01611956,0.12541024,0.8584702,0.001440,0.809129,0.003489,0.000504,0.000264,0.008108,,,
144,0.011085,0.997762,1.000000,65531.046875,0.01613041,0.12540898,0.8584606,0.001422,0.820891,0.003999,0.000500,0.000275,0.008164,,,
145,0.011084,0.997747,1.000000,65530.992188,0.016141424,0.12540771,0.8584509,0.001418,0.823432,0.003299,0.000505,0.000287,0.008222,,,
146,0.011082,0.997732,1.000000,65530.953125,0.016152604,0.12540637,0.858441,0.001427,0.817484,0.005513,0.000502,0.000298,0.008279,,,
147,0.011081,0.997716,1.000000,65530.921875,0.016163945,0.12540504,0.858431,0.001414,0.826301,0.002739,0.000508,0.000309,0.008338,,,
148,0.011079,0.997701,1.000000,65530.875000,0.016175449,0.12540369,0.85842085,0.001412,0.827721,0.002388,0.000509,0.000321,0.008398,,,
149,0.011077,0.997686,1.000000,65530.820312,0.016187103,0.12540232,0.85841054,0.001430,0.815736,0.004710,0.000519,0.000333,0.008458,,,
150,0.011076,0.997671,1.000000,65530.789062,0.016198907,0.12540093,0.8584001,0.001399,0.835668,0.003146,0.000519,0.000345,0.008519,24.866943,0.6342719,0.127176
151,0.011074,0.997655,1.000000,65530.734375,0.016210858,0.12539953,0.8583896,0.001409,0.829590,0.002449,0.000503,0.000357,0.008580,,,
152,0.011073,0.997640,1.000000,65530.695312,0.016222952,0.12539808,0.858379,0.001423,0.820489,0.004887,0.000492,0.000369,0.008643,,,
153,0.011071,0.997624,1.000000,65530.656250,0.01623518,0.12539665,0.85836816,0.001427,0.817552,0.005741,0.000486,0.000382,0.008706,,,
154,0.011070,0.997609,1.000000,65530.585938,0.016247548,0.1253952,0.85835725,0.001399,0.835602,0.002965,0.000484,0.000394,0.008769,,,
155,0.011068,0.997593,1.000000,65530.539062,0.016260043,0.12539372,0.8583462,0.001405,0.831610,0.003556,0.000482,0.000407,0.008834,,,
156,0.011067,0.997577,1.000000,65530.492188,0.016272668,0.12539224,0.8583351,0.001407,0.830520,0.003503,0.000490,0.000420,0.008898,,,
157,0.011066,0.997562,1.000000,65530.445312,0.016285412,0.12539072,0.8583239,0.001402,0.833935,0.005081,0.000488,0.000432,0.008964,,,
158,0.011064,0.997546,1.000000,65530.390625,0.016298277,0.12538922,0.8583125,0.001404,0.832481,0.003302,0.000478,0.000445,0.009030,,,
159,0.011063,0.997530,1.000000,65530.328125,0.016311262,0.1253877,0.85830104,0.001384,0.844909,0.004116,0.000475,0.000459,0.009096,,,
160,0.011062,0.997514,1.000000,65530.265625,0.016324356,0.12538613,0.8582895,0.001376,0.849857,0.003256,0.000474,0.000472,0.009163,24.922293,0.63594365,0.125773
161,0.011060,0.997498,1.000000,65530.234375,0.016337562,0.1253846,0.85827786,0.001353,0.863704,0.004324,0.000483,0.000485,0.009230,,,
162,0.011059,0.997482,1.000000,65530.171875,0.01635087,0.12538302,0.8582661,0.001341,0.870940,0.002095,0.000491,0.000499,0.009298,,,
163,0.011058,0.997466,1.000000,65530.125000,0.016364278,0.12538144,0.85825425,0.001350,0.865389,0.003159,0.000491,0.000512,0.009366,,,
164,0.011056,0.997450,1.000000,65530.062500,0.01637779,0.12537985,0.8582424,0.001368,0.855107,0.003217,0.000485,0.000526,0.009434,,,
165,0.011055,0.997434,1.000000,65530.000000,0.01639141,0.12537827,0.85823035,0.001359,0.860505,0.003871,0.000489,0.000540,0.009503,,,
166,0.011054,0.997418,1.000000,65529.945312,0.016405134,0.12537664,0.85821825,0.001390,0.841496,0.002276,0.000502,0.000554,0.009572,,,
167,0.011053,0.997402,1.000000,65529.875000,0.016418962,0.12537503,0.858206,0.001379,0.848278,0.002992,0.000510,0.000568,0.009641,,,
168,0.011052,0.997386,1.000000,65529.812500,0.016432902,0.1253734,0.8581937,0.001372,0.852394,0.002830,0.000510,0.000582,0.009711,,,
169,0.011050,0.997369,1.000000,65529.742188,0.01644695,0.12537174,0.85818136,0.001356,0.862260,0.002535,0.000502,0.000596,0.009782,,,
170,0.011049,0.997353,1.000000,65529.687500,0.016461113,0.12537009,0.85816884,0.001370,0.853480,0.005845,0.000504,0.000611,0.009852,24.973808,0.63725686,0.124604
171,0.011048,0.997336,1.000000,65529.625000,0.016475387,0.12536839,0.8581562,0.001360,0.859530,0.003802,0.000498,0.000625,0.009923,,,
172,0.011047,0.997320,1.000000,65529.539062,0.016489778,0.1253667,0.8581435,0.001344,0.868863,0.004075,0.000492,0.000640,0.009995,,,
173,0.011046,0.997303,1.000000,65529.476562,0.01650428,0.125365,0.8581307,0.001340,0.871327,0.002601,0.000486,0.000654,0.010067,,,
174,0.011045,0.997287,1.000000,65529.398438,0.016518898,0.12536329,0.8581178,0.001373,0.852121,0.002926,0.000489,0.000669,0.010140,,,
175,0.011044,0.997270,1.000000,65529.328125,0.016533626,0.12536156,0.85810477,0.001369,0.854370,0.002405,0.000484,0.000684,0.010215,,,
176,0.011043,0.997254,1.000000,65529.250000,0.016548466,0.12535982,0.8580917,0.001365,0.856558,0.003590,0.000477,0.000699,0.010295,,,
177,0.011042,0.997237,1.000000,65529.171875,0.016563417,0.12535807,0.85807854,0.001389,0.842349,0.004164,0.000480,0.000714,0.010375,,,
178,0.011040,0.997220,1.000000,65529.101562,0.016578477,0.12535632,0.85806525,0.001371,0.853136,0.004149,0.000484,0.000729,0.010457,,,
179,0.011039,0.997203,1.000000,65529.031250,0.016593646,0.12535453,0.85805184,0.001379,0.848391,0.002271,0.000490,0.000745,0.010538,,,
180,0.011038,0.997187,1.000000,65528.937500,0.016608922,0.12535276,0.8580383,0.001381,0.847032,0.002267,0.000494,0.000760,0.010621,25.018500,0.638443,0.123481
181,0.011037,0.997170,1.000000,65528.875000,0.016624304,0.12535097,0.8580247,0.001380,0.847814,0.005162,0.000509,0.000776,0.010703,,,
182,0.011036,0.997153,1.000000,65528.796875,0.016639797,0.12534915,0.85801107,0.001379,0.848210,0.002297,0.000511,0.000792,0.010787,,,
183,0.011035,0.997136,1.000000,65528.726562,0.016655395,0.12534733,0.8579973,0.001390,0.841689,0.003401,0.000520,0.000807,0.010871,,,
184,0.011035,0.997118,1.000000,65528.640625,0.016671099,0.12534551,0.85798335,0.001400,0.835409,0.005244,0.000518,0.000823,0.010955,,,
185,0.011034,0.997102,1.000000,65528.554688,0.016686903,0.12534368,0.8579694,0.001377,0.849387,0.002079,0.000515,0.000839,0.011040,,,
186,0.011033,0.997084,1.000000,65528.484375,0.01670281,0.12534183,0.85795534,0.001389,0.841744,0.002994,0.000523,0.000855,0.011125,,,
187,0.011032,0.997067,1.000000,65528.398438,0.016718823,0.12533997,0.8579412,0.001389,0.841990,0.004772,0.000519,0.000872,0.011211,,,
188,0.011031,0.997050,1.000000,65528.312500,0.016734935,0.12533812,0.85792696,0.001393,0.839447,0.004982,0.000520,0.000888,0.011298,,,
189,0.011030,0.997032,1.000000,65528.234375,0.016751144,0.12533623,0.8579126,0.001401,0.834426,0.003812,0.000522,0.000905,0.011389,,,
190,0.011029,0.997015,1.000000,65528.148438,0.016767452,0.12533437,0.85789824,0.001414,0.825818,0.003360,0.000514,0.000921,0.011480,25.054623,0.639363,0.122476
191,0.011028,0.996997,1.000000,65528.046875,0.016783854,0.12533244,0.8578837,0.001434,0.813068,0.002519,0.000510,0.000938,0.011572,,,
192,0.011027,0.996980,1.000000,65527.968750,0.016800348,0.12533055,0.8578691,0.001433,0.813705,0.003627,0.000506,0.000954,0.011664,,,
193,0.011026,0.996962,1.000000,65527.867188,0.016816942,0.12532865,0.85785437,0.001428,0.817156,0.002614,0.000504,0.000971,0.011757,,,
194,0.011025,0.996945,1.000000,65527.781250,0.016833631,0.12532674,0.85783964,0.001434,0.812996,0.002709,0.000501,0.000988,0.011850,,,
195,0.011025,0.996927,1.000000,65527.679688,0.01685042,0.12532482,0.85782474,0.001421,0.821268,0.003259,0.000498,0.001005,0.011943,,,
196,0.011024,0.996909,1.000000,65527.593750,0.016867306,0.1253229,0.85780984,0.001413,0.826758,0.004087,0.000489,0.001022,0.012038,,,
197,0.011023,0.996892,1.000000,65527.500000,0.01688429,0.12532096,0.85779476,0.001417,0.823905,0.003353,0.000479,0.001040,0.012132,,,
198,0.011022,0.996874,1.000000,65527.429688,0.016901365,0.125319,0.8577796,0.001434,0.813160,0.002489,0.000477,0.001057,0.012227,,,
199,0.011021,0.996856,1.000000,65527.328125,0.016918536,0.12531705,0.8577644,0.001454,0.799257,0.002947,0.000480,0.001074,0.012323,,,
200,0.011021,0.996838,1.000000,65527.250000,0.0169358,0.12531509,0.8577491,0.001443,0.806851,0.002288,0.000473,0.001092,0.012419,25.084625,0.64001364,0.121405
201,0.011020,0.996820,1.000000,65527.140625,0.016953155,0.12531313,0.8577337,0.001461,0.794745,0.005101,0.000464,0.001110,0.012515,,,
202,0.011019,0.996803,1.000000,65527.062500,0.016970605,0.12531115,0.8577182,0.001447,0.804191,0.005622,0.000463,0.001127,0.012612,,,
203,0.011018,0.996785,1.000000,65526.960938,0.01698815,0.12530917,0.8577027,0.001449,0.803096,0.003191,0.000464,0.001145,0.012710,,,
204,0.011017,0.996767,1.000000,65526.875000,0.017005792,0.1253072,0.857687,0.001452,0.800853,0.004087,0.000467,0.001163,0.012807,,,
205,0.011017,0.996748,1.000000,65526.796875,0.017023522,0.12530519,0.85767126,0.001456,0.798292,0.004947,0.000471,0.001181,0.012906,,,
206,0.011016,0.996730,1.000000,65526.687500,0.017041346,0.12530318,0.85765547,0.001444,0.806612,0.002531,0.000463,0.001199,0.013004,,,
207,0.011015,0.996712,1.000000,65526.609375,0.017059268,0.12530117,0.85763955,0.001407,0.830334,0.003950,0.000456,0.001218,0.013103,,,
208,0.011015,0.996694,1.000000,65526.515625,0.017077276,0.12529916,0.8576236,0.001415,0.825594,0.005062,0.000463,0.001236,0.013203,,,
209,0.011014,0.996675,1.000000,65526.421875,0.017095368,0.12529714,0.8576075,0.001392,0.839963,0.003360,0.000451,0.001254,0.013303,,,
210,0.011013,0.996657,1.000000,65526.320312,0.017113546,0.12529509,0.85759133,0.001404,0.832818,0.004235,0.000451,0.001273,0.013403,25.107432,0.640364,0.120137
211,0.011012,0.996639,1.000000,65526.242188,0.017131805,0.12529306,0.8575752,0.001385,0.844476,0.003182,0.000449,0.001291,0.013504,,,
212,0.011012,0.996620,1.000000,65526.148438,0.017150149,0.12529103,0.85755885,0.001390,0.841596,0.003261,0.000453,0.001310,0.013605,,,
213,0.011011,0.996602,1.000000,65526.062500,0.017168583,0.12528898,0.85754246,0.001380,0.847922,0.002723,0.000454,0.001329,0.013707,,,
214,0.011010,0.996583,1.000000,65525.976562,0.01718711,0.12528692,0.857526,0.001376,0.849828,0.003718,0.000457,0.001348,0.013809,,,
215,0.011010,0.996565,1.000000,65525.875000,0.017205726,0.12528485,0.85750943,0.001373,0.852137,0.003479,0.000455,0.001367,0.013911,,,
216,0.011009,0.996546,1.000000,65525.781250,0.017224431,0.12528278,0.8574928,0.001391,0.841086,0.004580,0.000468,0.001386,0.014014,,,
217,0.011008,0.996528,1.000000,65525.695312,0.017243218,0.1252807,0.85747606,0.001420,0.822244,0.002295,0.000483,0.001405,0.014117,,,
218,0.011008,0.996509,1.000000,65525.593750,0.017262084,0.1252786,0.8574593,0.001409,0.829201,0.003273,0.000486,0.001424,0.014221,,,
219,0.011007,0.996490,1.000000,65525.500000,0.017281039,0.12527652,0.85744244,0.001414,0.826234,0.005181,0.000478,0.001443,0.014331,,,
220,0.011006,0.996471,1.000000,65525.406250,0.017300067,0.1252744,0.8574255,0.001381,0.846739,0.003266,0.000487,0.001463,0.014463,25.123701,0.6404494,0.118788
221,0.011006,0.996452,1.000000,65525.328125,0.017319184,0.12527232,0.8574085,0.001381,0.847270,0.002844,0.000491,0.001482,0.014594,,,
222,0.011005,0.996434,1.000000,65525.218750,0.017338378,0.12527019,0.8573915,0.001411,0.828316,0.003135,0.000500,0.001502,0.014727,,,
223,0.011004,0.996415,1.000000,65525.140625,0.017357659,0.12526806,0.85737425,0.001417,0.824162,0.003476,0.000504,0.001521,0.014860,,,
224,0.011004,0.996396,1.000000,65525.046875,0.017377025,0.12526593,0.8573571,0.001433,0.813691,0.003037,0.000501,0.001541,0.014993,,,
225,0.011003,0.996377,1.000000,65524.960938,0.017396463,0.1252638,0.85733974,0.001449,0.802940,0.003731,0.000491,0.001561,0.015127,,,
226,0.011003,0.996358,1.000000,65524.875000,0.017415972,0.12526165,0.8573224,0.001438,0.810432,0.003192,0.000488,0.001581,0.015261,,,
227,0.011002,0.996339,1.000000,65524.796875,0.017435558,0.1252595,0.85730493,0.001460,0.795157,0.002820,0.000484,0.001601,0.015395,,,
228,0.011001,0.996320,1.000000,65524.703125,0.017455216,0.12525736,0.8572874,0.001471,0.787769,0.003375,0.000485,0.001621,0.015530,,,
229,0.011001,0.996301,1.000000,65524.652344,0.017474951,0.1252552,0.8572699,0.001465,0.792233,0.002938,0.000476,0.001641,0.015665,,,
230,0.011000,0.996281,1.000000,65524.550781,0.017494759,0.12525302,0.85725224,0.001467,0.790701,0.002009,0.000485,0.001661,0.015801,25.136393,0.64030796,0.117653
231,0.011000,0.996262,1.000000,65524.472656,0.017514648,0.12525086,0.8572345,0.001489,0.775115,0.003412,0.000480,0.001681,0.015937,,,
232,0.010999,0.996243,1.000000,65524.378906,0.017534608,0.12524867,0.8572167,0.001496,0.770196,0.003868,0.000476,0.001701,0.016073,,,
233,0.010999,0.996224,1.000000,65524.316406,0.017554639,0.12524648,0.8571989,0.001490,0.774731,0.003021,0.000482,0.001722,0.016210,,,
234,0.010998,0.996204,1.000000,65524.222656,0.017574744,0.1252443,0.85718095,0.001498,0.769096,0.002987,0.000483,0.001742,0.016347,,,
235,0.010997,0.996185,1.000000,65524.152344,0.017594922,0.12524211,0.85716295,0.001515,0.757277,0.003628,0.000495,0.001763,0.016485,,,
236,0.010997,0.996165,1.000000,65524.066406,0.017615166,0.12523992,0.85714495,0.001498,0.768881,0.004676,0.000504,0.001784,0.016623,,,
237,0.010996,0.996146,1.000000,65523.980469,0.017635478,0.12523772,0.85712683,0.001502,0.766085,0.002846,0.000508,0.001804,0.016761,,,
238,0.010996,0.996126,1.000000,65523.910156,0.017655862,0.1252355,0.85710865,0.001507,0.762498,0.002368,0.000508,0.001825,0.016899,,,
239,0.010995,0.996107,1.000000,65523.839844,0.017676314,0.1252333,0.8570904,0.001496,0.770561,0.002540,0.000511,0.001846,0.017038,,,
240,0.010995,0.996087,1.000000,65523.769531,0.01769683,0.12523107,0.8570721,0.001501,0.766911,0.004027,0.000491,0.001867,0.017177,25.143804,0.63988596,0.116452
241,0.010994,0.996068,1.000000,65523.707031,0.017717406,0.12522885,0.8570537,0.001505,0.763757,0.003046,0.000510,0.001888,0.017317,,,
242,0.010994,0.996048,1.000000,65523.628906,0.017738052,0.12522665,0.85703534,0.001506,0.763503,0.004220,0.000522,0.001909,0.017457,,,
243,0.010993,0.996028,1.000000,65523.566406,0.017758757,0.1252244,0.85701686,0.001498,0.769081,0.003234,0.000516,0.001930,0.017597,,,
244,0.010993,0.996009,1.000000,65523.496094,0.017779535,0.12522218,0.85699826,0.001501,0.767063,0.002475,0.000519,0.001951,0.017737,,,
245,0.010992,0.995989,1.000000,65523.425781,0.017800374,0.12521994,0.85697967,0.001517,0.755751,0.003568,0.000545,0.001972,0.017878,,,
246,0.010992,0.995969,1.000000,65523.363281,0.017821275,0.1252177,0.8569611,0.001511,0.759871,0.006693,0.000549,0.001994,0.018019,,,
247,0.010991,0.995949,1.000000,65523.285156,0.017842235,0.12521547,0.8569423,0.001498,0.768868,0.004171,0.000551,0.002015,0.018160,,,
248,0.010991,0.995929,1.000000,65523.238281,0.017863251,0.1252132,0.8569235,0.001492,0.773471,0.002343,0.000552,0.002037,0.018302,,,
249,0.010990,0.995909,1.000000,65523.167969,0.017884333,0.12521099,0.8569047,0.001504,0.764968,0.003306,0.000539,0.002058,0.018443,,,
250,0.010990,0.995889,1.000000,65523.097656,0.01790547,0.12520872,0.8568858,0.001501,0.767286,0.005936,0.000528,0.002080,0.018585,25.144983,0.6390794,0.115181
251,0.010989,0.995870,1.000000,65523.027344,0.01792667,0.12520647,0.8568669,0.001470,0.788775,0.003297,0.000536,0.002101,0.018728,,,
252,0.010989,0.995849,1.000000,65522.972656,0.017947929,0.12520422,0.8568479,0.001472,0.787191,0.004743,0.000544,0.002123,0.018870,,,
253,0.010988,0.995829,1.000000,65522.910156,0.017969245,0.12520197,0.8568288,0.001497,0.769965,0.004297,0.000551,0.002145,0.019013,,,
254,0.010988,0.995809,1.000000,65522.847656,0.017990623,0.1251997,0.8568097,0.001500,0.767390,0.005641,0.000560,0.002166,0.019156,,,
255,0.010987,0.995789,1.000000,65522.792969,0.018012054,0.12519743,0.85679054,0.001483,0.779916,0.002169,0.000555,0.002188,0.019299,,,
256,0.010987,0.995769,1.000000,65522.738281,0.018033542,0.12519515,0.8567713,0.001485,0.778261,0.004003,0.000562,0.002210,0.019442,,,
257,0.010986,0.995749,1.000000,65522.667969,0.018055085,0.12519288,0.85675204,0.001541,0.738521,0.004545,0.000561,0.002232,0.019586,,,
258,0.010986,0.995729,1.000000,65522.613281,0.018076682,0.1251906,0.85673267,0.001539,0.739953,0.005126,0.000569,0.002254,0.019730,,,
259,0.010986,0.995708,1.000000,65522.566406,0.01809833,0.12518834,0.8567133,0.001545,0.735662,0.006707,0.000548,0.002276,0.019874,,,
260,0.010985,0.995688,1.000000,65522.503906,0.018120022,0.12518606,0.8566939,0.001532,0.744458,0.005356,0.000537,0.002299,0.020018,25.142866,0.638119,0.114457
261,0.010985,0.995668,1.000000,65522.433594,0.018141767,0.12518376,0.85667443,0.001538,0.740767,0.003353,0.000535,0.002321,0.020162,,,
262,0.010984,0.995647,1.000000,65522.394531,0.018163575,0.1251815,0.85665494,0.001522,0.751951,0.003657,0.000538,0.002343,0.020306,,,
263,0.010984,0.995627,1.000000,65522.324219,0.01818544,0.12517919,0.8566354,0.001528,0.747974,0.003002,0.000529,0.002365,0.020451,,,
264,0.010983,0.995607,1.000000,65522.269531,0.01820736,0.1251769,0.8566157,0.001521,0.752955,0.003326,0.000547,0.002388,0.020596,,,
265,0.010983,0.995586,1.000000,65522.214844,0.01822933,0.12517463,0.856596,0.001511,0.759833,0.002463,0.000549,0.002410,0.020741,,,
266,0.010983,0.995566,1.000000,65522.160156,0.018251343,0.12517232,0.8565763,0.001511,0.759696,0.005459,0.000532,0.002433,0.020886,,,
267,0.010982,0.995545,1.000000,65522.105469,0.018273396,0.12517,0.85655653,0.001509,0.761399,0.003033,0.000539,0.002455,0.021032,,,
268,0.010982,0.995525,1.000000,65522.050781,0.018295495,0.12516771,0.8565368,0.001510,0.760758,0.003202,0.000536,0.002478,0.021177,,,
269,0.010981,0.995504,1.000000,65521.988281,0.018317645,0.12516542,0.85651696,0.001524,0.750414,0.002809,0.000532,0.002500,0.021323,,,
270,0.010981,0.995484,1.000000,65521.941406,0.018339846,0.12516312,0.85649705,0.001535,0.742658,0.003624,0.000527,0.002523,0.021468,25.138181,0.6368811,0.113436
271,0.010981,0.995463,1.000000,65521.902344,0.018362094,0.1251608,0.8564771,0.001511,0.759790,0.004651,0.000518,0.002546,0.021614,,,
272,0.010980,0.995442,1.000000,65521.847656,0.018384386,0.12515852,0.85645705,0.001517,0.755328,0.005176,0.000533,0.002569,0.021760,,,
273,0.010980,0.995422,1.000000,65521.785156,0.018406726,0.1251562,0.856437,0.001517,0.755358,0.002229,0.000530,0.002591,0.021906,,,
274,0.010979,0.995401,1.000000,65521.746094,0.018429115,0.1251539,0.856417,0.001520,0.753668,0.002898,0.000544,0.002614,0.022052,,,
275,0.010979,0.995380,1.000000,65521.691406,0.018451544,0.12515157,0.8563969,0.001527,0.748054,0.003673,0.000546,0.002637,0.022199,,,
276,0.010979,0.995359,1.000000,65521.644531,0.018474009,0.12514926,0.8563767,0.001537,0.741076,0.002605,0.000538,0.002660,0.022345,,,
277,0.010978,0.995339,1.000000,65521.582031,0.018496512,0.12514696,0.85635656,0.001535,0.742464,0.002607,0.000556,0.002683,0.022491,,,
278,0.010978,0.995318,1.000000,65521.550781,0.018519051,0.12514463,0.8563363,0.001534,0.743227,0.005166,0.000557,0.002706,0.022638,,,
279,0.010978,0.995297,1.000000,65521.511719,0.01854164,0.12514234,0.8563161,0.001539,0.739406,0.002655,0.000547,0.002729,0.022784,,,
280,0.010977,0.995276,1.000000,65521.464844,0.018564267,0.12514003,0.85629576,0.001525,0.749993,0.003425,0.000563,0.002752,0.022931,25.128406,0.6353577,0.112280
281,0.010977,0.995255,1.000000,65521.417969,0.018586934,0.1251377,0.8562754,0.001540,0.739239,0.003504,0.000567,0.002776,0.023078,,,
282,0.010976,0.995234,1.000000,65521.378906,0.018609628,0.12513539,0.856255,0.001540,0.739083,0.003389,0.000582,0.002799,0.023224,,,
283,0.010976,0.995213,1.000000,65521.347656,0.01863235,0.12513307,0.85623455,0.001529,0.746581,0.002607,0.000571,0.002822,0.023371,,,
284,0.010976,0.995192,1.000000,65521.300781,0.018655105,0.12513076,0.85621417,0.001522,0.752129,0.002929,0.000562,0.002845,0.023517,,,
285,0.010975,0.995171,1.000000,65521.261719,0.018677892,0.12512845,0.85619366,0.001520,0.753242,0.002978,0.000571,0.002869,0.023664,,,
286,0.010975,0.995150,1.000000,65521.230469,0.018700723,0.12512612,0.85617316,0.001512,0.759155,0.004217,0.000570,0.002892,0.023810,,,
287,0.010975,0.995129,1.000000,65521.191406,0.018723592,0.12512381,0.8561526,0.001531,0.745388,0.003507,0.000575,0.002915,0.023957,,,
288,0.010974,0.995108,1.000000,65521.175781,0.0187465,0.12512152,0.85613203,0.001520,0.753436,0.002376,0.000573,0.002939,0.024104,,,
289,0.010974,0.995087,1.000000,65521.121094,0.01876944,0.1251192,0.85611135,0.001519,0.753775,0.002485,0.000572,0.002962,0.024250,,,
290,0.010974,0.995066,1.000000,65521.097656,0.018792415,0.12511688,0.8560907,0.001491,0.774286,0.002110,0.000580,0.002986,0.024397,25.117286,0.63357234,0.111399
291,0.010973,0.995045,1.000000,65521.066406,0.01881542,0.12511456,0.85607,0.001490,0.774861,0.002296,0.000573,0.003009,0.024544,,,
292,0.010973,0.995024,1.000000,65521.035156,0.018838458,0.12511225,0.85604924,0.001513,0.758736,0.002886,0.000573,0.003033,0.024690,,,
293,0.010973,0.995003,1.000000,65521.019531,0.018861523,0.12510993,0.85602856,0.001488,0.776157,0.002981,0.000580,0.003057,0.024837,,,
294,0.010972,0.994981,1.000000,65520.980469,0.01888462,0.12510762,0.85600775,0.001475,0.785360,0.002390,0.000576,0.003080,0.024984,,,
295,0.010972,0.994960,1.000000,65520.941406,0.01890774,0.12510529,0.85598695,0.001446,0.805325,0.002632,0.000587,0.003104,0.025130,,,
296,0.010972,0.994939,1.000000,65520.917969,0.018930895,0.12510298,0.8559661,0.001449,0.802718,0.006002,0.000586,0.003128,0.025277,,,
297,0.010971,0.994918,1.000000,65520.910156,0.018954067,0.12510067,0.8559453,0.001474,0.785659,0.003050,0.000565,0.003151,0.025426,,,
298,0.010971,0.994896,1.000000,65520.886719,0.018977258,0.12509835,0.85592437,0.001459,0.796439,0.003779,0.000566,0.003175,0.025581,,,
299,0.010971,0.994875,1.000000,65520.839844,0.019000476,0.12509605,0.85590345,0.001456,0.798528,0.002155,0.000562,0.003199,0.025736,,,
300,0.010970,0.994854,1.000000,65520.832031,0.019023724,0.12509373,0.8558826,0.001458,0.796603,0.002295,0.000548,0.003223,0.025892,25.101545,0.63157195,0.110261
301,0.010970,0.994832,1.000000,65520.800781,0.019046994,0.1250914,0.85586154,0.001458,0.797167,0.002740,0.000561,0.003246,0.026047,,,
302,0.010970,0.994811,1.000000,65520.792969,0.01907029,0.12508911,0.85584056,0.001477,0.783544,0.003590,0.000566,0.003270,0.026202,,,
303,0.010969,0.994790,1.000000,65520.761719,0.019093612,0.12508681,0.8558196,0.001527,0.748441,0.003890,0.000578,0.003294,0.026357,,,
304,0.010969,0.994768,1.000000,65520.738281,0.019116959,0.12508449,0.85579854,0.001515,0.756869,0.004399,0.000575,0.003318,0.026512,,,
305,0.010969,0.994747,1.000000,65520.738281,0.019140325,0.12508218,0.8557775,0.001517,0.755455,0.003431,0.000570,0.003342,0.026667,,,
306,0.010968,0.994725,1.000000,65520.714844,0.019163718,0.12507987,0.85575646,0.001522,0.751971,0.004517,0.000575,0.003366,0.026822,,,
307,0.010968,0.994704,1.000000,65520.691406,0.019187123,0.12507755,0.8557353,0.001510,0.760273,0.002066,0.000574,0.003390,0.026977,,,
308,0.010968,0.994682,1.000000,65520.691406,0.019210545,0.12507525,0.8557142,0.001500,0.767674,0.004073,0.000560,0.003414,0.027131,,,
309,0.010968,0.994661,1.000000,65520.675781,0.019233985,0.12507294,0.85569304,0.001505,0.764233,0.003161,0.000570,0.003438,0.027286,,,
310,0.010967,0.994639,1.000000,65520.644531,0.019257436,0.12507065,0.8556719,0.001507,0.762907,0.002762,0.000585,0.003462,0.027440,25.084077,0.6294043,0.109732
311,0.010967,0.994618,1.000000,65520.644531,0.019280907,0.12506834,0.8556508,0.001501,0.766703,0.002157,0.000580,0.003486,0.027595,,,
312,0.010967,0.994596,1.000000,65520.644531,0.019304397,0.12506603,0.85562956,0.001512,0.759170,0.002525,0.000584,0.003510,0.027749,,,
313,0.010966,0.994575,1.000000,65520.621094,0.019327903,0.12506373,0.85560834,0.001483,0.779844,0.003393,0.000591,0.003534,0.027903,,,
314,0.010966,0.994553,1.000000,65520.621094,0.01935142,0.12506141,0.8555872,0.001470,0.788972,0.004570,0.000584,0.003558,0.028057,,,
315,0.010966,0.994532,1.000000,65520.613281,0.01937495,0.12505914,0.85556597,0.001475,0.785155,0.003281,0.000586,0.003582,0.028211,,,
316,0.010966,0.994510,1.000000,65520.613281,0.019398492,0.12505682,0.8555447,0.001495,0.771479,0.004077,0.000579,0.003607,0.028364,,,
317,0.010965,0.994488,1.000000,65520.621094,0.019422047,0.12505451,0.85552347,0.001505,0.763841,0.003583,0.000586,0.003631,0.028517,,,
318,0.010965,0.994467,1.000000,65520.613281,0.019445619,0.12505223,0.8555022,0.001506,0.763627,0.005134,0.000577,0.003655,0.028671,,,
319,0.010965,0.994445,1.000000,65520.613281,0.019469202,0.12504992,0.8554809,0.001511,0.760178,0.002758,0.000577,0.003679,0.028824,,,
320,0.010964,0.994424,1.000000,65520.613281,0.019492794,0.12504762,0.8554596,0.001527,0.748466,0.004883,0.000582,0.003703,0.028977,25.066565,0.62713075,0.109020
321,0.010964,0.994402,1.000000,65520.613281,0.019516395,0.12504531,0.8554383,0.001519,0.754276,0.002169,0.000582,0.003727,0.029129,,,
322,0.010964,0.994380,1.000000,65520.613281,0.019540004,0.12504303,0.855417,0.001516,0.756273,0.003127,0.000583,0.003752,0.029282,,,
323,0.010964,0.994358,1.000000,65520.613281,0.019563613,0.12504074,0.8553956,0.001517,0.755587,0.005250,0.000588,0.003776,0.029434,,,
324,0.010963,0.994336,1.000000,65520.613281,0.019587234,0.12503844,0.85537434,0.001512,0.759011,0.002665,0.000588,0.003800,0.029586,,,
325,0.010963,0.994315,1.000000,65520.621094,0.019610852,0.12503615,0.855353,0.001510,0.760526,0.005297,0.000581,0.003824,0.029738,,,
326,0.010963,0.994293,1.000000,65520.628906,0.019634482,0.12503386,0.85533166,0.001512,0.759324,0.002738,0.000576,0.003848,0.029889,,,
327,0.010962,0.994271,1.000000,65520.644531,0.019658117,0.12503158,0.8553103,0.001503,0.765587,0.003025,0.000564,0.003873,0.030041,,,
328,0.010962,0.994249,1.000000,65520.644531,0.019681763,0.12502928,0.8552889,0.001482,0.780001,0.002464,0.000556,0.003897,0.030192,,,
329,0.010962,0.994227,1.000000,65520.660156,0.01970541,0.12502699,0.8552676,0.001498,0.769307,0.002497,0.000548,0.003921,0.030345,,,
330,0.010962,0.994206,1.000000,65520.667969,0.019729067,0.12502472,0.8552462,0.001510,0.760653,0.003043,0.000548,0.003945,0.030504,25.047564,0.62464994,0.108384
331,0.010961,0.994184,1.000000,65520.691406,0.019752733,0.12502244,0.85522485,0.001526,0.749008,0.004232,0.000543,0.003970,0.030662,,,
332,0.010961,0.994162,1.000000,65520.699219,0.019776398,0.12502018,0.85520345,0.001531,0.745595,0.002745,0.000543,0.003994,0.030820,,,
333,0.010961,0.994140,1.000000,65520.722656,0.019800052,0.12501787,0.85518205,0.001524,0.750183,0.002985,0.000535,0.004018,0.030978,,,
334,0.010961,0.994119,1.000000,65520.738281,0.0198237,0.12501559,0.8551607,0.001540,0.738626,0.002681,0.000523,0.004042,0.031135,,,
335,0.010960,0.994097,1.000000,65520.769531,0.019847346,0.12501334,0.8551394,0.001550,0.731526,0.005554,0.000532,0.004067,0.031292,,,
336,0.010960,0.994075,1.000000,65520.800781,0.019870983,0.12501104,0.8551179,0.001541,0.738069,0.005958,0.000551,0.004091,0.031449,,,
337,0.010960,0.994053,1.000000,65520.808594,0.019894617,0.12500879,0.8550966,0.001551,0.730947,0.005516,0.000561,0.004115,0.031606,,,
338,0.010960,0.994031,1.000000,65520.847656,0.019918244,0.12500651,0.85507524,0.001560,0.724479,0.003299,0.000558,0.004139,0.031763,,,
339,0.010959,0.994009,1.000000,65520.871094,0.019941874,0.12500426,0.85505384,0.001563,0.722339,0.003716,0.000561,0.004163,0.031919,,,
340,0.010959,0.993987,1.000000,65520.894531,0.019965502,0.125002,0.8550325,0.001576,0.712873,0.003918,0.000544,0.004188,0.032075,25.027917,0.6220898,0.107865
341,0.010959,0.993965,1.000000,65520.941406,0.019989124,0.12499975,0.85501117,0.001587,0.704718,0.003747,0.000545,0.004212,0.032231,,,
342,0.010959,0.993943,1.000000,65520.964844,0.020012744,0.12499748,0.8549898,0.001575,0.713118,0.003123,0.000555,0.004236,0.032387,,,
343,0.010958,0.993921,1.000000,65521.011719,0.020036366,0.12499523,0.8549684,0.001570,0.716697,0.002894,0.000555,0.004260,0.032542,,,
344,0.010958,0.993899,1.000000,65521.042969,0.02005998,0.12499296,0.85494703,0.001556,0.727430,0.003488,0.000553,0.004284,0.032697,,,
345,0.010958,0.993877,1.000000,65521.082031,0.020083586,0.12499071,0.8549257,0.001540,0.738971,0.002931,0.000558,0.004309,0.032852,,,
346,0.010958,0.993855,1.000000,65521.121094,0.02010718,0.12498848,0.8549043,0.001546,0.734271,0.002409,0.000549,0.004333,0.033007,,,
347,0.010957,0.993833,1.000000,65521.160156,0.020130757,0.124986246,0.854883,0.001546,0.734298,0.002077,0.000550,0.004357,0.033161,,,
348,0.010957,0.993811,1.000000,65521.207031,0.020154318,0.12498401,0.8548617,0.001562,0.722829,0.003777,0.000540,0.004381,0.033315,,,
349,0.010957,0.993790,1.000000,65521.261719,0.02017787,0.124981776,0.8548404,0.001569,0.717489,0.004366,0.000554,0.004405,0.033468,,,
350,0.010957,0.993767,1.000000,65521.292969,0.020201417,0.12497955,0.854819,0.001560,0.724238,0.003042,0.000559,0.004429,0.033622,25.006676,0.61934584,0.107602
351,0.010956,0.993745,1.000000,65521.347656,0.020224953,0.12497733,0.8547977,0.001558,0.725919,0.004303,0.000581,0.004454,0.033775,,,
352,0.010956,0.993723,1.000000,65521.417969,0.020248482,0.124975115,0.85477644,0.001573,0.715087,0.002772,0.000572,0.004478,0.033927,,,
353,0.010956,0.993701,1.000000,65521.457031,0.020271996,0.1249729,0.85475516,0.001563,0.722323,0.003652,0.000576,0.004502,0.034080,,,
354,0.010956,0.993680,1.000000,65521.503906,0.0202955,0.12497069,0.85473377,0.001571,0.716218,0.004444,0.000567,0.004526,0.034232,,,
355,0.010955,0.993657,1.000000,65521.566406,0.020319002,0.12496848,0.8547125,0.001582,0.707978,0.003598,0.000581,0.004550,0.034384,,,
356,0.010955,0.993635,1.000000,65521.613281,0.020342486,0.124966286,0.8546912,0.001594,0.699622,0.004130,0.000579,0.004574,0.034539,,,
357,0.010955,0.993613,1.000000,65521.667969,0.020365953,0.12496409,0.85467,0.001606,0.690366,0.002421,0.000575,0.004598,0.034701,,,
358,0.010955,0.993591,1.000000,65521.722656,0.020389399,0.12496191,0.8546487,0.001562,0.723083,0.003001,0.000581,0.004622,0.034862,,,
359,0.010954,0.993569,1.000000,65521.785156,0.020412821,0.12495972,0.8546275,0.001535,0.742537,0.003457,0.000574,0.004646,0.035023,,,
360,0.010954,0.993547,1.000000,65521.863281,0.020436222,0.12495754,0.8546063,0.001525,0.750076,0.002745,0.000583,0.004670,0.035184,24.987800,0.61666304,0.107173
361,0.010954,0.993525,1.000000,65521.910156,0.020459598,0.12495537,0.85458505,0.001527,0.748303,0.004630,0.000589,0.004694,0.035345,,,
362,0.010954,0.993503,1.000000,65521.972656,0.020482957,0.1249532,0.85456383,0.001523,0.751051,0.002821,0.000573,0.004718,0.035505,,,
363,0.010954,0.993481,1.000000,65522.035156,0.020506298,0.12495103,0.8545427,0.001535,0.742824,0.004579,0.000560,0.004742,0.035665,,,
364,0.010953,0.993459,1.000000,65522.097656,0.02052962,0.12494888,0.8545215,0.001532,0.744760,0.004002,0.000565,0.004766,0.035825,,,
365,0.010953,0.993436,1.000000,65522.152344,0.020552916,0.12494674,0.85450035,0.001530,0.746375,0.003146,0.000572,0.004790,0.035984,,,
366,0.010953,0.993414,1.000000,65522.222656,0.020576179,0.12494458,0.8544792,0.001515,0.756640,0.004076,0.000579,0.004814,0.036142,,,
367,0.010953,0.993392,1.000000,65522.285156,0.020599416,0.12494245,0.85445815,0.001528,0.747804,0.005238,0.000581,0.004838,0.036301,,,
368,0.010952,0.993370,1.000000,65522.363281,0.02062262,0.124940306,0.85443705,0.001531,0.745517,0.004164,0.000591,0.004862,0.036459,,,
369,0.010952,0.993348,1.000000,65522.433594,0.020645792,0.12493818,0.8544161,0.001521,0.752475,0.002713,0.000600,0.004886,0.036616,,,
370,0.010952,0.993326,1.000000,65522.503906,0.020668928,0.12493607,0.85439503,0.001519,0.754472,0.005719,0.000602,0.004909,0.036773,24.966682,0.613832,0.107149
371,0.010952,0.993304,1.000000,65522.574219,0.02069203,0.124933936,0.85437405,0.001529,0.747065,0.002627,0.000596,0.004933,0.036930,,,
372,0.010951,0.993281,1.000000,65522.644531,0.020715104,0.124931835,0.8543531,0.001520,0.753117,0.004682,0.000589,0.004957,0.037086,,,
373,0.010951,0.993260,1.000000,65522.722656,0.020738143,0.12492972,0.85433215,0.001536,0.741692,0.002774,0.000585,0.004980,0.037241,,,
374,0.010951,0.993237,1.000000,65522.785156,0.020761149,0.12492762,0.85431117,0.001531,0.745295,0.003714,0.000595,0.005004,0.037397,,,
375,0.010951,0.993216,1.000000,65522.871094,0.020784121,0.12492552,0.8542903,0.001546,0.734324,0.002806,0.000594,0.005028,0.037551,,,
376,0.010951,0.993193,1.000000,65522.941406,0.020807061,0.12492344,0.8542695,0.001544,0.735979,0.003187,0.000612,0.005051,0.037706,,,
377,0.010950,0.993171,1.000000,65523.019531,0.020829964,0.12492136,0.8542487,0.001548,0.733339,0.002575,0.000606,0.005075,0.037860,,,
378,0.010950,0.993149,1.000000,65523.113281,0.02085283,0.12491929,0.8542279,0.001539,0.739934,0.002691,0.000604,0.005098,0.038013,,,
379,0.010950,0.993127,1.000000,65523.175781,0.020875655,0.124917224,0.85420716,0.001532,0.744894,0.005492,0.000605,0.005122,0.038166,,,
380,0.010950,0.993105,1.000000,65523.261719,0.020898435,0.12491516,0.8541864,0.001508,0.762250,0.004807,0.000605,0.005145,0.038318,24.944768,0.6110296,0.106994
381,0.010949,0.993082,1.000000,65523.347656,0.020921173,0.124913126,0.85416573,0.001496,0.770752,0.002069,0.000603,0.005169,0.038470,,,
382,0.010949,0.993061,1.000000,65523.441406,0.020943861,0.124911085,0.85414505,0.001498,0.769257,0.002896,0.000604,0.005192,0.038624,,,
383,0.010949,0.993038,1.000000,65523.527344,0.020966511,0.12490906,0.8541245,0.001489,0.775207,0.003050,0.000591,0.005215,0.038783,,,
384,0.010949,0.993016,1.000000,65523.597656,0.020989105,0.124907024,0.85410386,0.001519,0.753959,0.004512,0.000573,0.005238,0.038942,,,
385,0.010949,0.992994,1.000000,65523.691406,0.021011645,0.12490501,0.85408336,0.001539,0.739392,0.003058,0.000571,0.005262,0.039101,,,
