iter,loss,low_norm,mid_norm,high_norm,low_frac,mid_frac,high_frac
0,0.246054,31.239809,1.847148,1.201785,0.995049,0.003479,0.001473
1,0.186273,26.705883,1.604330,1.044883,0.994887,0.003590,0.001523
2,0.143379,22.920359,1.446217,0.944191,0.994354,0.003959,0.001687
3,0.104348,18.959442,1.252644,0.819240,0.993806,0.004338,0.001856
4,0.072623,15.152103,1.052662,0.685850,0.993172,0.004794,0.002035
5,0.050850,11.884710,0.842742,0.550711,0.992876,0.004992,0.002132
6,0.040277,10.031386,0.646905,0.432732,0.994016,0.004134,0.001850
7,0.036818,9.456436,0.518145,0.393517,0.995288,0.002988,0.001724
8,0.037122,9.624557,0.453733,0.456593,0.995547,0.002213,0.002241
9,0.037961,9.849584,0.465507,0.636357,0.993633,0.002219,0.004148
10,0.038335,9.850107,0.580174,0.923880,0.987882,0.003427,0.008691
11,0.037677,9.513928,0.746208,1.166034,0.979266,0.006024,0.014710
12,0.035916,8.904452,0.871225,1.302377,0.969965,0.009285,0.020750
13,0.033424,8.222527,0.872909,1.300959,0.964968,0.010875,0.024156
14,0.030630,7.509698,0.841816,1.243075,0.961570,0.012083,0.026347
15,0.027994,6.814426,0.819375,1.206194,0.956216,0.013825,0.029959
16,0.025799,6.286154,0.763782,1.098256,0.956676,0.014123,0.029201
17,0.023997,5.913332,0.667847,0.980434,0.961312,0.012262,0.026426
18,0.022262,5.521866,0.585633,0.866262,0.965382,0.010859,0.023759
19,0.020692,5.123344,0.522285,0.725672,0.970446,0.010085,0.019469
20,0.019398,4.796746,0.431563,0.597820,0.976918,0.007908,0.015174
21,0.018343,4.509125,0.366354,0.505598,0.981187,0.006477,0.012336
22,0.017620,4.317412,0.319094,0.441165,0.984345,0.005377,0.010278
23,0.017263,4.258152,0.285344,0.388029,0.987367,0.004434,0.008199
24,0.017154,4.275881,0.267323,0.363000,0.989006,0.003866,0.007128
25,0.017119,4.302177,0.256843,0.350598,0.989898,0.003528,0.006574
26,0.017018,4.281227,0.250077,0.343726,0.990238,0.003379,0.006383
27,0.016785,4.184059,0.258385,0.341225,0.989644,0.003774,0.006582
28,0.016403,4.006091,0.258463,0.333880,0.989013,0.004117,0.006870
29,0.015894,3.751285,0.255907,0.324568,0.988006,0.004598,0.007396
30,0.015324,3.443776,0.252584,0.316431,0.986366,0.005306,0.008328
31,0.014792,3.137263,0.242654,0.307391,0.984657,0.005891,0.009453
32,0.014419,2.920621,0.238224,0.305525,0.982708,0.006538,0.010754
33,0.014256,2.848070,0.238503,0.301587,0.982100,0.006887,0.011012
34,0.014253,2.892188,0.237301,0.299676,0.982832,0.006616,0.010552
35,0.014283,2.954905,0.238548,0.297538,0.983617,0.006410,0.009973
36,0.014229,2.953542,0.232955,0.296814,0.983942,0.006121,0.009937
37,0.014044,2.855155,0.227881,0.291041,0.983515,0.006265,0.010220
38,0.013773,2.683527,0.228905,0.288378,0.981524,0.007142,0.011335
39,0.013493,2.491700,0.224357,0.286323,0.979133,0.007938,0.012929
40,0.013262,2.327868,0.218143,0.289167,0.976360,0.008574,0.015066
41,0.013096,2.213384,0.216741,0.294525,0.973430,0.009334,0.017236
42,0.012984,2.149301,0.214477,0.295058,0.972002,0.009679,0.018318
43,0.012899,2.110386,0.206186,0.290143,0.972340,0.009281,0.018379
44,0.012825,2.080256,0.198711,0.272369,0.974405,0.008891,0.016704
45,0.012746,2.042727,0.186096,0.262552,0.975782,0.008099,0.016120
46,0.012658,1.995904,0.176434,0.250274,0.977004,0.007635,0.015362
47,0.012561,1.936130,0.170744,0.237290,0.977710,0.007604,0.014686
48,0.012464,1.873066,0.162782,0.221185,0.978955,0.007394,0.013651
49,0.012370,1.809093,0.155797,0.204522,0.980203,0.007270,0.012528
50,0.012286,1.750608,0.147815,0.188396,0.981633,0.006999,0.011369
51,0.012206,1.689651,0.138713,0.174023,0.982948,0.006625,0.010427
52,0.012128,1.624690,0.129771,0.160693,0.984095,0.006278,0.009627
53,0.012055,1.553133,0.123458,0.149319,0.984677,0.006222,0.009101
54,0.011991,1.485990,0.116971,0.139995,0.985152,0.006104,0.008744
55,0.011947,1.439468,0.112060,0.131500,0.985799,0.005974,0.008227
56,0.011924,1.421177,0.108934,0.124644,0.986614,0.005797,0.007589
57,0.011917,1.422487,0.105367,0.119286,0.987636,0.005419,0.006945
58,0.011914,1.427303,0.103187,0.114386,0.988485,0.005166,0.006349
59,0.011903,1.416964,0.101668,0.110747,0.988869,0.005091,0.006041
60,0.011879,1.386971,0.099903,0.106603,0.989026,0.005131,0.005843
61,0.011846,1.340485,0.097692,0.103360,0.988869,0.005252,0.005879
62,0.011812,1.291858,0.095497,0.100500,0.988615,0.005402,0.005983
63,0.011781,1.252046,0.093238,0.097725,0.988496,0.005482,0.006022
64,0.011756,1.225249,0.091035,0.095120,0.988584,0.005457,0.005958
65,0.011733,1.206062,0.089143,0.092957,0.988725,0.005401,0.005874
66,0.011706,1.184640,0.087117,0.091102,0.988805,0.005347,0.005848
67,0.011675,1.155616,0.085345,0.089659,0.988656,0.005392,0.005951
68,0.011638,1.117601,0.083633,0.088550,0.988262,0.005534,0.006204
69,0.011600,1.074739,0.082415,0.087836,0.987596,0.005807,0.006597
70,0.011563,1.032188,0.081105,0.087437,0.986826,0.006093,0.007081
71,0.011531,0.995767,0.080192,0.087745,0.985950,0.006394,0.007656
72,0.011505,0.965917,0.080011,0.088412,0.984989,0.006758,0.008252
73,0.011482,0.942277,0.079615,0.089469,0.984102,0.007025,0.008872
74,0.011463,0.921101,0.079247,0.090213,0.983290,0.007278,0.009432
75,0.011445,0.900166,0.079333,0.091330,0.982259,0.007629,0.010111
76,0.011428,0.882108,0.078596,0.091153,0.981723,0.007794,0.010483
77,0.011414,0.865820,0.077987,0.091311,0.981128,0.007960,0.010912
78,0.011402,0.854101,0.077220,0.090521,0.980963,0.008018,0.011019
79,0.011391,0.844644,0.075920,0.089738,0.981001,0.007926,0.011073
80,0.011381,0.833955,0.074692,0.088367,0.981114,0.007870,0.011016
81,0.011368,0.818802,0.073434,0.086419,0.981178,0.007892,0.010930
82,0.011355,0.800472,0.072011,0.084301,0.981177,0.007941,0.010882
83,0.011342,0.780989,0.070520,0.082670,0.981010,0.007998,0.010992
84,0.011330,0.765665,0.069080,0.080939,0.981051,0.007986,0.010963
85,0.011319,0.755399,0.067673,0.079399,0.981283,0.007875,0.010841
86,0.011311,0.748220,0.066443,0.077944,0.981607,0.007741,0.010652
87,0.011302,0.741062,0.065200,0.076816,0.981850,0.007600,0.010550
88,0.011292,0.730521,0.064147,0.075952,0.981817,0.007570,0.010613
89,0.011282,0.717108,0.063303,0.075519,0.981467,0.007648,0.010885
90,0.011272,0.701905,0.062664,0.075284,0.980898,0.007818,0.011284
91,0.011263,0.688396,0.062006,0.074612,0.980526,0.007955,0.011519
92,0.011255,0.676410,0.061581,0.074459,0.980002,0.008123,0.011875
93,0.011248,0.666754,0.061078,0.074517,0.979545,0.008220,0.012235
94,0.011241,0.658132,0.060632,0.074330,0.979199,0.008311,0.012490
95,0.011234,0.649793,0.060127,0.074294,0.978824,0.008381,0.012796
96,0.011228,0.640916,0.059622,0.073953,0.978504,0.008468,0.013028
97,0.011222,0.631830,0.059248,0.074012,0.977981,0.008599,0.013419
98,0.011216,0.623893,0.058840,0.073706,0.977659,0.008696,0.013645
99,0.011211,0.617388,0.058649,0.073765,0.977231,0.008819,0.013950
100,0.011207,0.612186,0.058270,0.073748,0.976971,0.008851,0.014178
101,0.011203,0.607487,0.057982,0.073650,0.976745,0.008898,0.014357
102,0.011199,0.602359,0.057802,0.073617,0.976425,0.008991,0.014584
103,0.011195,0.597029,0.057480,0.073605,0.976116,0.009048,0.014836
104,0.011191,0.592076,0.057137,0.073544,0.975855,0.009088,0.015057
105,0.011187,0.587849,0.056884,0.073476,0.975623,0.009135,0.015242
106,0.011184,0.584157,0.056637,0.073319,0.975464,0.009170,0.015367
107,0.011180,0.580435,0.056331,0.073056,0.975362,0.009187,0.015451
108,0.011177,0.575939,0.055969,0.072845,0.975190,0.009210,0.015601
109,0.011173,0.570636,0.055637,0.072740,0.974891,0.009268,0.015841
110,0.011169,0.564937,0.055438,0.072578,0.974531,0.009385,0.016084
111,0.011165,0.559506,0.055137,0.072345,0.974251,0.009461,0.016288
112,0.011162,0.554439,0.054917,0.072121,0.973965,0.009555,0.016480
113,0.011158,0.549518,0.054665,0.072003,0.973648,0.009635,0.016716
114,0.011155,0.544608,0.054472,0.071931,0.973284,0.009737,0.016979
115,0.011152,0.539908,0.054314,0.071899,0.972901,0.009846,0.017253
116,0.011149,0.535158,0.054135,0.071699,0.972590,0.009952,0.017458
117,0.011146,0.530451,0.053881,0.071527,0.972290,0.010032,0.017679
118,0.011143,0.525665,0.053778,0.071466,0.971865,0.010172,0.017963
119,0.011140,0.521264,0.053519,0.071407,0.971527,0.010241,0.018232
120,0.011137,0.517171,0.053299,0.071235,0.971257,0.010316,0.018427
121,0.011134,0.513326,0.053069,0.071093,0.970997,0.010378,0.018625
122,0.011131,0.509712,0.052743,0.070957,0.970792,0.010394,0.018813
123,0.011129,0.506214,0.052492,0.070757,0.970600,0.010437,0.018963
124,0.011126,0.502831,0.052175,0.070748,0.970343,0.010447,0.019209
125,0.011124,0.499937,0.051974,0.070606,0.970164,0.010486,0.019351
126,0.011122,0.496998,0.051702,0.070401,0.970038,0.010498,0.019464
127,0.011119,0.494039,0.051387,0.070300,0.969869,0.010493,0.019638
128,0.011117,0.490826,0.051165,0.070181,0.969639,0.010537,0.019824
129,0.011115,0.487715,0.050996,0.070075,0.969389,0.010598,0.020012
130,0.011113,0.484792,0.050758,0.069921,0.969214,0.010625,0.020162
131,0.011110,0.481890,0.050488,0.069677,0.969102,0.010638,0.020261
132,0.011108,0.479206,0.050307,0.069627,0.968868,0.010678,0.020454
133,0.011106,0.476518,0.050010,0.069523,0.968710,0.010670,0.020620
134,0.011104,0.473962,0.049814,0.069432,0.968517,0.010698,0.020785
135,0.011102,0.471320,0.049641,0.069277,0.968338,0.010742,0.020921
136,0.011100,0.468573,0.049338,0.069157,0.968176,0.010734,0.021090
137,0.011098,0.465740,0.049161,0.069040,0.967946,0.010785,0.021270
138,0.011097,0.463153,0.048963,0.068980,0.967719,0.010815,0.021466
139,0.011095,0.460430,0.048705,0.068873,0.967525,0.010827,0.021649
140,0.011093,0.457809,0.048473,0.068775,0.967325,0.010844,0.021830
141,0.011091,0.455120,0.048347,0.068655,0.967080,0.010913,0.022007
142,0.011089,0.452526,0.048095,0.068614,0.966851,0.010921,0.022228
143,0.011088,0.450239,0.047817,0.068496,0.966722,0.010904,0.022374
144,0.011086,0.447935,0.047668,0.068346,0.966552,0.010946,0.022502
145,0.011084,0.445604,0.047476,0.068309,0.966323,0.010969,0.022708
146,0.011083,0.443263,0.047348,0.068197,0.966108,0.011023,0.022868
147,0.011081,0.441017,0.047112,0.068115,0.965935,0.011023,0.023042
148,0.011079,0.438942,0.046979,0.068016,0.965749,0.011063,0.023189
149,0.011078,0.436963,0.046749,0.068007,0.965560,0.011052,0.023389
150,0.011076,0.434944,0.046565,0.067903,0.965405,0.011065,0.023530
151,0.011075,0.433170,0.046387,0.067648,0.965385,0.011071,0.023544
152,0.011073,0.431184,0.046230,0.067583,0.965193,0.011095,0.023712
153,0.011072,0.428991,0.046029,0.067637,0.964906,0.011109,0.023986
154,0.011071,0.426989,0.045890,0.067638,0.964652,0.011142,0.024206
155,0.011069,0.425112,0.045683,0.067528,0.964525,0.011138,0.024337
156,0.011068,0.423117,0.045580,0.067430,0.964318,0.011191,0.024491
157,0.011066,0.421088,0.045373,0.067439,0.964078,0.011194,0.024728
158,0.011065,0.419146,0.045240,0.067449,0.963813,0.011228,0.024958
159,0.011064,0.417207,0.045069,0.067281,0.963691,0.011246,0.025063
160,0.011062,0.415441,0.044909,0.067164,0.963556,0.011260,0.025184
161,0.011061,0.413593,0.044767,0.067178,0.963300,0.011286,0.025414
162,0.011060,0.411696,0.044654,0.067098,0.963088,0.011330,0.025582
163,0.011058,0.409880,0.044454,0.067087,0.962879,0.011326,0.025795
164,0.011057,0.408011,0.044418,0.067090,0.962566,0.011408,0.026026
165,0.011056,0.406273,0.044258,0.066934,0.962455,0.011422,0.026124
166,0.011055,0.404335,0.044158,0.067045,0.962073,0.011475,0.026452
167,0.011054,0.402732,0.043963,0.066897,0.961994,0.011464,0.026543
168,0.011052,0.400980,0.043866,0.066840,0.961766,0.011510,0.026724
169,0.011051,0.399281,0.043685,0.066822,0.961558,0.011510,0.026931
170,0.011050,0.397560,0.043682,0.066729,0.961312,0.011606,0.027083
171,0.011049,0.395961,0.043541,0.066745,0.961071,0.011621,0.027308
172,0.011048,0.394426,0.043338,0.066704,0.960916,0.011601,0.027483
173,0.011047,0.392822,0.043302,0.066670,0.960654,0.011673,0.027672
174,0.011046,0.391303,0.043065,0.066529,0.960598,0.011635,0.027768
175,0.011045,0.389698,0.043071,0.066554,0.960262,0.011730,0.028008
176,0.011044,0.388071,0.042896,0.066566,0.960023,0.011730,0.028247
177,0.011042,0.386370,0.042817,0.066493,0.959786,0.011787,0.028426
178,0.011041,0.384894,0.042755,0.066511,0.959509,0.011840,0.028652
179,0.011040,0.383333,0.042625,0.066361,0.959386,0.011862,0.028752
180,0.011039,0.381676,0.042592,0.066420,0.959015,0.011942,0.029043
181,0.011038,0.380063,0.042446,0.066512,0.958682,0.011958,0.029360
182,0.011037,0.378606,0.042352,0.066401,0.958522,0.011994,0.029483
183,0.011036,0.377203,0.042242,0.066378,0.958306,0.012018,0.029676
184,0.011035,0.375709,0.042066,0.066345,0.958112,0.012011,0.029877
185,0.011035,0.374384,0.042048,0.066270,0.957903,0.012083,0.030014
186,0.011034,0.373182,0.041895,0.066108,0.957869,0.012073,0.030059
187,0.011033,0.371790,0.041733,0.066141,0.957627,0.012066,0.030307
188,0.011032,0.370290,0.041731,0.066123,0.957315,0.012159,0.030527
189,0.011031,0.368867,0.041637,0.066142,0.957035,0.012194,0.030771
190,0.011030,0.367399,0.041571,0.066153,0.956733,0.012249,0.031018
191,0.011029,0.366009,0.041496,0.066026,0.956575,0.012296,0.031129
192,0.011028,0.364558,0.041382,0.065990,0.956342,0.012323,0.031335
193,0.011027,0.363407,0.041249,0.065885,0.956249,0.012320,0.031431
194,0.011027,0.362077,0.041196,0.065952,0.955910,0.012374,0.031716
195,0.011026,0.360775,0.041148,0.065931,0.955652,0.012432,0.031916
196,0.011025,0.359545,0.041061,0.065885,0.955456,0.012461,0.032083
197,0.011024,0.358246,0.040980,0.065888,0.955191,0.012499,0.032311
198,0.011023,0.356869,0.040849,0.065890,0.954935,0.012512,0.032553
199,0.011022,0.355535,0.040773,0.065903,0.954644,0.012555,0.032801
200,0.011022,0.354352,0.040704,0.065754,0.954538,0.012595,0.032867
201,0.011021,0.352979,0.040635,0.065761,0.954233,0.012646,0.033120
202,0.011020,0.351824,0.040574,0.065788,0.953956,0.012688,0.033356
203,0.011019,0.350734,0.040474,0.065707,0.953822,0.012702,0.033476
204,0.011019,0.349485,0.040415,0.065614,0.953634,0.012753,0.033614
205,0.011018,0.348111,0.040389,0.065622,0.953292,0.012833,0.033875
206,0.011017,0.346935,0.040302,0.065675,0.952989,0.012860,0.034150
207,0.011016,0.345786,0.040203,0.065616,0.952811,0.012880,0.034309
208,0.011016,0.344784,0.040145,0.065560,0.952641,0.012915,0.034444
209,0.011015,0.343513,0.040051,0.065595,0.952329,0.012946,0.034725
210,0.011014,0.342370,0.040000,0.065549,0.952103,0.012996,0.034900
211,0.011014,0.341373,0.039926,0.065493,0.951940,0.013022,0.035038
212,0.011013,0.340165,0.039880,0.065524,0.951612,0.013080,0.035309
213,0.011012,0.338956,0.039847,0.065452,0.951378,0.013148,0.035474
214,0.011012,0.337851,0.039766,0.065461,0.951116,0.013177,0.035707
215,0.011011,0.336784,0.039717,0.065462,0.950852,0.013224,0.035924
216,0.011010,0.335509,0.039696,0.065355,0.950621,0.013308,0.036071
217,0.011010,0.334503,0.039632,0.065392,0.950341,0.013340,0.036319
218,0.011009,0.333387,0.039566,0.065288,0.950178,0.013383,0.036439
219,0.011008,0.332329,0.039491,0.065279,0.949934,0.013413,0.036652
220,0.011008,0.331099,0.039427,0.065318,0.949579,0.013465,0.036956
221,0.011007,0.330034,0.039384,0.065307,0.949310,0.013519,0.037171
222,0.011007,0.329037,0.039288,0.065313,0.949074,0.013531,0.037395
223,0.011006,0.328016,0.039237,0.065241,0.948886,0.013577,0.037537
224,0.011005,0.326766,0.039231,0.065327,0.948423,0.013671,0.037907
225,0.011005,0.325779,0.039243,0.065252,0.948201,0.013759,0.038040
226,0.011004,0.324984,0.039070,0.065106,0.948239,0.013705,0.038056
227,0.011004,0.323923,0.039110,0.065165,0.947823,0.013817,0.038359
228,0.011003,0.322865,0.039091,0.065224,0.947445,0.013889,0.038666
229,0.011002,0.321746,0.039033,0.065256,0.947102,0.013939,0.038959
230,0.011002,0.320745,0.038908,0.065172,0.946969,0.013934,0.039096
231,0.011001,0.319703,0.038898,0.065121,0.946707,0.014015,0.039279
232,0.011001,0.318615,0.038926,0.065151,0.946307,0.014125,0.039568
233,0.011000,0.317630,0.038901,0.065144,0.946017,0.014190,0.039793
234,0.011000,0.316685,0.038816,0.065099,0.945823,0.014209,0.039968
235,0.010999,0.315673,0.038811,0.065131,0.945461,0.014292,0.040247
236,0.010999,0.314871,0.038780,0.065137,0.945212,0.014338,0.040450
237,0.010998,0.313895,0.038848,0.065135,0.944844,0.014472,0.040684
238,0.010998,0.312915,0.038691,0.065146,0.944615,0.014442,0.040943
239,0.010997,0.311898,0.038683,0.065136,0.944292,0.014525,0.041184
240,0.010996,0.310974,0.038665,0.065148,0.943976,0.014593,0.041431
241,0.010996,0.310057,0.038628,0.065018,0.943847,0.014650,0.041503
242,0.010995,0.309238,0.038491,0.065100,0.943565,0.014618,0.041817
243,0.010995,0.308278,0.038460,0.065043,0.943324,0.014682,0.041994
244,0.010994,0.307247,0.038463,0.065048,0.942957,0.014778,0.042265
245,0.010994,0.306357,0.038407,0.065007,0.942736,0.014817,0.042447
246,0.010994,0.305509,0.038471,0.064966,0.942439,0.014944,0.042617
247,0.010993,0.304602,0.038357,0.065040,0.942107,0.014939,0.042954
248,0.010993,0.303735,0.038347,0.065011,0.941839,0.015012,0.043149
249,0.010992,0.302804,0.038369,0.064988,0.941515,0.015117,0.043368
250,0.010992,0.302078,0.038333,0.064961,0.941311,0.015158,0.043531
251,0.010991,0.301233,0.038364,0.064936,0.941009,0.015263,0.043728
252,0.010991,0.300269,0.038341,0.064922,0.940688,0.015338,0.043975
253,0.010990,0.299680,0.038188,0.064913,0.940595,0.015274,0.044131
254,0.010990,0.298695,0.038284,0.064904,0.940165,0.015445,0.044391
255,0.010989,0.297886,0.038241,0.064904,0.939891,0.015490,0.044619
256,0.010989,0.297027,0.038064,0.064868,0.939747,0.015433,0.044820
257,0.010989,0.296272,0.038106,0.064874,0.939417,0.015541,0.045042
258,0.010988,0.295389,0.038115,0.064901,0.939035,0.015634,0.045331
259,0.010988,0.294517,0.038144,0.064781,0.938830,0.015747,0.045422
260,0.010987,0.293794,0.038102,0.064884,0.938444,0.015784,0.045772
261,0.010987,0.293110,0.038009,0.064870,0.938266,0.015778,0.045956
262,0.010986,0.292152,0.038026,0.064853,0.937895,0.015889,0.046216
263,0.010986,0.291265,0.038014,0.064899,0.937487,0.015969,0.046544
264,0.010986,0.290534,0.037920,0.064849,0.937334,0.015968,0.046699
265,0.010985,0.289641,0.037969,0.064984,0.936748,0.016098,0.047154
266,0.010985,0.288976,0.037942,0.064913,0.936594,0.016146,0.047260
267,0.010984,0.288398,0.037897,0.064897,0.936413,0.016169,0.047417
268,0.010984,0.287501,0.037839,0.064869,0.936127,0.016216,0.047657
269,0.010984,0.286855,0.037884,0.064868,0.935823,0.016322,0.047855
270,0.010983,0.286049,0.037860,0.064791,0.935610,0.016390,0.048000
271,0.010983,0.285302,0.037858,0.064804,0.935278,0.016468,0.048254
272,0.010982,0.284490,0.037808,0.064819,0.934952,0.016513,0.048535
273,0.010982,0.283894,0.037724,0.064724,0.934899,0.016508,0.048593
274,0.010982,0.283163,0.037716,0.064745,0.934560,0.016580,0.048860
275,0.010981,0.282401,0.037704,0.064821,0.934132,0.016652,0.049216
276,0.010981,0.281615,0.037704,0.064783,0.933844,0.016739,0.049417
277,0.010981,0.280899,0.037669,0.064844,0.933470,0.016786,0.049744
278,0.010980,0.280258,0.037583,0.064849,0.933250,0.016783,0.049967
279,0.010980,0.279634,0.037552,0.064798,0.933072,0.016826,0.050102
280,0.010980,0.278955,0.037642,0.064749,0.932762,0.016984,0.050254
281,0.010979,0.278315,0.037700,0.064729,0.932453,0.017110,0.050437
282,0.010979,0.277699,0.037622,0.064834,0.932086,0.017108,0.050806
283,0.010979,0.276989,0.037621,0.064765,0.931863,0.017191,0.050946
284,0.010978,0.276344,0.037600,0.064739,0.931624,0.017247,0.051129
285,0.010978,0.275632,0.037578,0.064744,0.931306,0.017310,0.051384
286,0.010978,0.274931,0.037512,0.064803,0.930948,0.017330,0.051721
287,0.010977,0.274213,0.037615,0.064717,0.930650,0.017512,0.051838
288,0.010977,0.273515,0.037551,0.064799,0.930253,0.017534,0.052213
289,0.010977,0.273034,0.037454,0.064791,0.930121,0.017503,0.052376
290,0.010976,0.272449,0.037521,0.064825,0.929731,0.017633,0.052635
291,0.010976,0.271808,0.037577,0.064726,0.929525,0.017766,0.052710
292,0.010976,0.271135,0.037517,0.064754,0.929209,0.017791,0.053000
293,0.010975,0.270518,0.037437,0.064798,0.928913,0.017790,0.053297
294,0.010975,0.269935,0.037453,0.064732,0.928713,0.017879,0.053408
295,0.010975,0.269324,0.037466,0.064733,0.928400,0.017966,0.053634
296,0.010974,0.268631,0.037465,0.064764,0.928010,0.018051,0.053939
297,0.010974,0.268208,0.037409,0.064698,0.927952,0.018053,0.053996
298,0.010974,0.267581,0.037381,0.064748,0.927585,0.018102,0.054313
299,0.010973,0.266912,0.037380,0.064771,0.927214,0.018185,0.054601
300,0.010973,0.266340,0.037270,0.064756,0.927046,0.018153,0.054802
301,0.010973,0.265843,0.037390,0.064762,0.926675,0.018331,0.054994
302,0.010973,0.265206,0.037394,0.064696,0.926450,0.018418,0.055132
303,0.010972,0.264835,0.037312,0.064722,0.926291,0.018386,0.055323
304,0.010972,0.264115,0.037331,0.064739,0.925874,0.018497,0.055629
305,0.010972,0.263691,0.037263,0.064714,0.925756,0.018487,0.055757
306,0.010971,0.263058,0.037332,0.064779,0.925257,0.018635,0.056108
307,0.010971,0.262462,0.037326,0.064795,0.924923,0.018707,0.056371
308,0.010971,0.261957,0.037272,0.064804,0.924690,0.018720,0.056590
309,0.010971,0.261348,0.037251,0.064821,0.924358,0.018779,0.056863
310,0.010970,0.260903,0.037220,0.064724,0.924307,0.018811,0.056883
311,0.010970,0.260292,0.037218,0.064815,0.923830,0.018887,0.057283
312,0.010970,0.259928,0.037247,0.064844,0.923558,0.018965,0.057477
313,0.010969,0.259285,0.037166,0.064849,0.923275,0.018970,0.057755
314,0.010969,0.258842,0.037156,0.064777,0.923162,0.019022,0.057817
315,0.010969,0.258319,0.037228,0.064844,0.922695,0.019164,0.058141
316,0.010969,0.257742,0.037249,0.064821,0.922394,0.019265,0.058341
317,0.010968,0.257174,0.037240,0.064913,0.921933,0.019331,0.058736
318,0.010968,0.256519,0.037193,0.064800,0.921799,0.019378,0.058822
319,0.010968,0.256050,0.037330,0.064799,0.921404,0.019585,0.059011
320,0.010968,0.255704,0.037238,0.064889,0.921146,0.019535,0.059319
321,0.010967,0.255189,0.037157,0.064936,0.920851,0.019523,0.059626
322,0.010967,0.254762,0.037196,0.064895,0.920638,0.019625,0.059736
323,0.010967,0.254217,0.037186,0.064916,0.920299,0.019692,0.060009
324,0.010967,0.253786,0.037159,0.064993,0.919943,0.019722,0.060334
325,0.010966,0.253318,0.037135,0.064956,0.919758,0.019766,0.060476
326,0.010966,0.252702,0.037131,0.065048,0.919245,0.019846,0.060909
327,0.010966,0.252345,0.037117,0.065024,0.919090,0.019884,0.061025
328,0.010965,0.251666,0.037160,0.065026,0.918642,0.020028,0.061330
329,0.010965,0.251122,0.037236,0.065016,0.918260,0.020189,0.061551
330,0.010965,0.250664,0.037119,0.065001,0.918127,0.020134,0.061739
331,0.010965,0.250229,0.037260,0.065030,0.917675,0.020347,0.061978
332,0.010964,0.249745,0.037112,0.065104,0.917400,0.020258,0.062342
333,0.010964,0.249200,0.037119,0.065117,0.917039,0.020346,0.062615
334,0.010964,0.248687,0.037177,0.065063,0.916761,0.020488,0.062752
335,0.010964,0.248196,0.037108,0.065212,0.916264,0.020482,0.063254
336,0.010963,0.247723,0.037163,0.065110,0.916098,0.020617,0.063285
337,0.010963,0.247408,0.037060,0.065167,0.915905,0.020551,0.063544
338,0.010963,0.246845,0.037166,0.065107,0.915552,0.020755,0.063694
339,0.010963,0.246275,0.037159,0.065168,0.915092,0.020833,0.064075
340,0.010962,0.245821,0.037170,0.065189,0.914755,0.020915,0.064331
341,0.010962,0.245165,0.037214,0.065222,0.914233,0.021065,0.064703
342,0.010962,0.244696,0.037175,0.065208,0.913997,0.021096,0.064907
343,0.010962,0.244298,0.037196,0.065254,0.913635,0.021180,0.065184
344,0.010961,0.243688,0.037150,0.065338,0.913134,0.021222,0.065644
345,0.010961,0.243293,0.037138,0.065320,0.912922,0.021272,0.065806
346,0.010961,0.242821,0.037184,0.065436,0.912350,0.021395,0.066255
347,0.010961,0.242264,0.037145,0.065590,0.911737,0.021433,0.066830
348,0.010961,0.241887,0.037176,0.065600,0.911434,0.021529,0.067037
349,0.010960,0.241321,0.037223,0.065609,0.910988,0.021675,0.067337
350,0.010960,0.240835,0.037189,0.065759,0.910416,0.021709,0.067876
351,0.010960,0.240415,0.037138,0.065738,0.910226,0.021720,0.068054
352,0.010960,0.239967,0.037096,0.065774,0.909897,0.021744,0.068359
353,0.010959,0.239488,0.037188,0.065814,0.909394,0.021927,0.068679
354,0.010959,0.239095,0.037103,0.065796,0.909249,0.021895,0.068856
355,0.010959,0.238695,0.037113,0.065882,0.908797,0.021970,0.069233
356,0.010959,0.238227,0.037098,0.065894,0.908464,0.022031,0.069505
357,0.010958,0.237731,0.037160,0.065932,0.907977,0.022185,0.069839
358,0.010958,0.237240,0.037150,0.065882,0.907739,0.022258,0.070003
359,0.010958,0.236766,0.037092,0.065988,0.907261,0.022267,0.070472
360,0.010958,0.236348,0.037156,0.065967,0.906934,0.022414,0.070652
361,0.010957,0.235924,0.037272,0.066039,0.906361,0.022622,0.071017
362,0.010957,0.235536,0.037284,0.066104,0.905943,0.022700,0.071357
363,0.010957,0.234970,0.037195,0.066146,0.905546,0.022691,0.071762
364,0.010957,0.234519,0.037098,0.066287,0.905047,0.022647,0.072306
365,0.010956,0.234015,0.037207,0.066237,0.904655,0.022869,0.072477
366,0.010956,0.233637,0.037185,0.066343,0.904190,0.022904,0.072907
367,0.010956,0.233275,0.037237,0.066283,0.903982,0.023035,0.072983
368,0.010956,0.232866,0.037294,0.066410,0.903359,0.023170,0.073471
369,0.010956,0.232484,0.037173,0.066391,0.903245,0.023093,0.073662
370,0.010955,0.231909,0.037313,0.066447,0.902541,0.023365,0.074095
371,0.010955,0.231464,0.037274,0.066497,0.902146,0.023395,0.074459
372,0.010955,0.231142,0.037234,0.066542,0.901856,0.023402,0.074742
373,0.010955,0.230870,0.037265,0.066519,0.901657,0.023492,0.074851
374,0.010954,0.230360,0.037306,0.066547,0.901161,0.023635,0.075204
375,0.010954,0.230015,0.037361,0.066612,0.900698,0.023763,0.075539
376,0.010954,0.229390,0.037335,0.066669,0.900123,0.023844,0.076033
377,0.010954,0.228939,0.037440,0.066610,0.899769,0.024064,0.076167
378,0.010954,0.228518,0.037439,0.066736,0.899177,0.024136,0.076688
379,0.010953,0.228188,0.037407,0.066747,0.898928,0.024157,0.076914
380,0.010953,0.227718,0.037317,0.066820,0.898507,0.024129,0.077364
381,0.010953,0.227477,0.037451,0.066802,0.898194,0.024346,0.077460
382,0.010953,0.227172,0.037423,0.066803,0.897981,0.024369,0.077651
383,0.010953,0.226523,0.037362,0.066907,0.897308,0.024410,0.078282
384,0.010952,0.226296,0.037506,0.066902,0.896965,0.024639,0.078396
385,0.010952,0.225688,0.037583,0.066912,0.896353,0.024856,0.078790
386,0.010952,0.225217,0.037551,0.066953,0.895916,0.024907,0.079178
387,0.010952,0.224864,0.037478,0.067005,0.895600,0.024878,0.079522
388,0.010951,0.224454,0.037552,0.067012,0.895153,0.025056,0.079791
389,0.010951,0.224031,0.037432,0.067095,0.894765,0.024979,0.080256
390,0.010951,0.223589,0.037557,0.066989,0.894470,0.025238,0.080291
391,0.010951,0.223322,0.037559,0.067062,0.894084,0.025290,0.080626
392,0.010951,0.222813,0.037533,0.067037,0.893738,0.025361,0.080901
393,0.010950,0.222339,0.037637,0.067084,0.893105,0.025592,0.081303
394,0.010950,0.221914,0.037491,0.067124,0.892829,0.025483,0.081688
395,0.010950,0.221557,0.037628,0.067143,0.892312,0.025738,0.081951
396,0.010950,0.221063,0.037621,0.067159,0.891856,0.025831,0.082314
397,0.010950,0.220735,0.037546,0.067252,0.891457,0.025792,0.082751
398,0.010949,0.220196,0.037541,0.067202,0.891100,0.025902,0.082998
399,0.010949,0.219744,0.037645,0.067115,0.890764,0.026142,0.083094
400,0.010949,0.219245,0.037564,0.067157,0.890327,0.026136,0.083537
401,0.010949,0.218923,0.037513,0.067161,0.890094,0.026135,0.083771
402,0.010949,0.218330,0.037579,0.067151,0.889503,0.026352,0.084144
403,0.010948,0.217720,0.037621,0.067108,0.888995,0.026544,0.084461
404,0.010948,0.217404,0.037715,0.067085,0.888643,0.026743,0.084614
405,0.010948,0.217054,0.037733,0.067034,0.888415,0.026849,0.084737
406,0.010948,0.216526,0.037671,0.067168,0.887707,0.026869,0.085424
407,0.010948,0.216206,0.037715,0.067122,0.887459,0.027005,0.085536
408,0.010948,0.215707,0.037830,0.067085,0.886935,0.027279,0.085786
409,0.010947,0.215510,0.037782,0.067085,0.886812,0.027257,0.085931
410,0.010947,0.214765,0.037844,0.067045,0.886128,0.027515,0.086357
411,0.010947,0.214334,0.037757,0.067114,0.885675,0.027484,0.086841
412,0.010947,0.213742,0.037865,0.067134,0.884928,0.027772,0.087300
413,0.010947,0.213285,0.037843,0.067145,0.884495,0.027846,0.087659
414,0.010946,0.212925,0.037831,0.067155,0.884142,0.027911,0.087947
415,0.010946,0.212370,0.037850,0.067107,0.883694,0.028070,0.088236
416,0.010946,0.212052,0.037888,0.067059,0.883446,0.028203,0.088351
417,0.010946,0.211595,0.037899,0.067045,0.883019,0.028328,0.088653
418,0.010946,0.211142,0.037942,0.067041,0.882528,0.028498,0.088974
419,0.010945,0.210769,0.037877,0.067054,0.882217,0.028491,0.089292
420,0.010945,0.210147,0.037883,0.067020,0.881674,0.028651,0.089674
421,0.010945,0.209541,0.037865,0.066992,0.881160,0.028773,0.090067
422,0.010945,0.209093,0.037948,0.067076,0.880399,0.028999,0.090602
423,0.010945,0.208980,0.038032,0.066946,0.880482,0.029161,0.090357
424,0.010945,0.208687,0.037964,0.066970,0.880221,0.029130,0.090649
425,0.010944,0.208101,0.038056,0.067008,0.879412,0.029409,0.091179
426,0.010944,0.207407,0.037982,0.067007,0.878803,0.029472,0.091725
427,0.010944,0.206964,0.037947,0.066990,0.878435,0.029531,0.092034
428,0.010944,0.206682,0.037985,0.066927,0.878245,0.029665,0.092090
429,0.010944,0.206086,0.037929,0.066957,0.877631,0.029728,0.092641
430,0.010943,0.205787,0.037961,0.066905,0.877400,0.029856,0.092744
431,0.010943,0.205424,0.037908,0.066935,0.877020,0.029865,0.093115
432,0.010943,0.204881,0.037857,0.066881,0.876652,0.029931,0.093416
433,0.010943,0.204541,0.037892,0.066833,0.876362,0.030075,0.093562
434,0.010943,0.203739,0.037947,0.066855,0.875376,0.030366,0.094258
435,0.010942,0.203479,0.037857,0.066807,0.875343,0.030299,0.094358
436,0.010942,0.203042,0.037843,0.066848,0.874790,0.030388,0.094822
437,0.010942,0.201974,0.037792,0.066814,0.873788,0.030592,0.095619
438,0.010942,0.201906,0.037777,0.066787,0.873802,0.030589,0.095610
439,0.010942,0.201365,0.037749,0.066809,0.873193,0.030687,0.096119
440,0.010942,0.201226,0.037780,0.066815,0.872981,0.030772,0.096247
441,0.010941,0.200594,0.037657,0.066776,0.872556,0.030751,0.096693
442,0.010941,0.200219,0.037687,0.066745,0.872176,0.030901,0.096924
443,0.010941,0.199619,0.037635,0.066793,0.871457,0.030976,0.097566
444,0.010941,0.198612,0.037797,0.066701,0.870321,0.031519,0.098160
445,0.010940,0.197914,0.037692,0.066699,0.869683,0.031543,0.098774
446,0.010940,0.197263,0.037663,0.066660,0.869077,0.031681,0.099242
447,0.010940,0.197034,0.037631,0.066710,0.868730,0.031687,0.099583
448,0.010940,0.196713,0.037642,0.066619,0.868576,0.031805,0.099619
449,0.010940,0.195644,0.037555,0.066613,0.867471,0.031964,0.100565
450,0.010939,0.195541,0.037537,0.066571,0.867488,0.031967,0.100545
451,0.010939,0.194686,0.037573,0.066585,0.866388,0.032269,0.101343
452,0.010939,0.194201,0.037593,0.066615,0.865699,0.032440,0.101860
453,0.010939,0.193489,0.037555,0.066589,0.864970,0.032586,0.102444
454,0.010938,0.192600,0.037455,0.066605,0.863997,0.032675,0.103328
455,0.010938,0.192245,0.037377,0.066561,0.863800,0.032651,0.103548
456,0.010938,0.191717,0.037439,0.066501,0.863218,0.032920,0.103862
457,0.010938,0.191137,0.037387,0.066488,0.862616,0.033004,0.104380
458,0.010938,0.190307,0.037382,0.066471,0.861637,0.033246,0.105117
459,0.010937,0.189852,0.037186,0.066590,0.861039,0.033034,0.105928
460,0.010937,0.189371,0.037229,0.066525,0.860544,0.033258,0.106198
461,0.010937,0.188559,0.037276,0.066472,0.859583,0.033593,0.106824
462,0.010937,0.187786,0.037175,0.066472,0.858744,0.033654,0.107602
463,0.010936,0.187232,0.037248,0.066471,0.857916,0.033955,0.108130
464,0.010936,0.186674,0.037172,0.066398,0.857509,0.034002,0.108488
465,0.010936,0.185890,0.037082,0.066483,0.856382,0.034079,0.109539
466,0.010936,0.185072,0.037073,0.066461,0.855370,0.034322,0.110308
467,0.010935,0.183978,0.036929,0.066401,0.854298,0.034421,0.111281
468,0.010935,0.183351,0.036931,0.066434,0.853348,0.034621,0.112031
469,0.010935,0.182825,0.036934,0.066419,0.852667,0.034798,0.112535
470,0.010935,0.181922,0.036899,0.066375,0.851601,0.035034,0.113364
471,0.010935,0.181770,0.036914,0.066384,0.851341,0.035111,0.113548
472,0.010934,0.181218,0.036847,0.066382,0.850683,0.035170,0.114147
473,0.010934,0.181032,0.036835,0.066367,0.850485,0.035210,0.114305
474,0.010934,0.180183,0.036826,0.066373,0.849281,0.035476,0.115243
475,0.010934,0.179241,0.036861,0.066409,0.847772,0.035854,0.116374
476,0.010933,0.178677,0.036791,0.066426,0.847022,0.035913,0.117065
477,0.010933,0.178077,0.036764,0.066457,0.846099,0.036062,0.117839
478,0.010933,0.177589,0.036744,0.066446,0.845451,0.036193,0.118357
479,0.010933,0.177419,0.036802,0.066436,0.845134,0.036364,0.118502
480,0.010933,0.176656,0.036623,0.066443,0.844280,0.036286,0.119434
481,0.010932,0.176200,0.036753,0.066468,0.843304,0.036692,0.120004
482,0.010932,0.175606,0.036653,0.066490,0.842512,0.036704,0.120783
483,0.010932,0.175338,0.036693,0.066498,0.842014,0.036875,0.121111
484,0.010932,0.174792,0.036653,0.066491,0.841273,0.036992,0.121735
485,0.010932,0.174433,0.036652,0.066556,0.840523,0.037109,0.122368
486,0.010931,0.174199,0.036687,0.066596,0.839980,0.037257,0.122763
487,0.010931,0.173581,0.036607,0.066585,0.839193,0.037323,0.123484
488,0.010931,0.173264,0.036567,0.066604,0.838707,0.037357,0.123936
489,0.010931,0.172863,0.036602,0.066577,0.838104,0.037575,0.124321
490,0.010931,0.172316,0.036692,0.066611,0.836980,0.037949,0.125071
491,0.010931,0.171530,0.036576,0.066642,0.835831,0.038004,0.126165
492,0.010930,0.170984,0.036516,0.066646,0.835049,0.038087,0.126865
493,0.010930,0.170597,0.036516,0.066636,0.834453,0.038232,0.127315
494,0.010930,0.170440,0.036496,0.066671,0.834123,0.038245,0.127632
495,0.010930,0.169960,0.036482,0.066551,0.833750,0.038415,0.127835
496,0.010930,0.169738,0.036517,0.066627,0.833081,0.038558,0.128361
497,0.010929,0.169015,0.036432,0.066624,0.832049,0.038661,0.129290
498,0.010929,0.168342,0.036442,0.066603,0.830983,0.038942,0.130075
499,0.010929,0.167851,0.036397,0.066591,0.830280,0.039040,0.130680
500,0.010929,0.167567,0.036335,0.066541,0.830077,0.039030,0.130893
501,0.010929,0.167167,0.036397,0.066532,0.829319,0.039315,0.131366
502,0.010929,0.166766,0.036287,0.066585,0.828663,0.039234,0.132103
503,0.010928,0.166402,0.036338,0.066513,0.828185,0.039494,0.132321
504,0.010928,0.165858,0.036241,0.066575,0.827220,0.039496,0.133284
505,0.010928,0.165805,0.036348,0.066528,0.827093,0.039748,0.133159
506,0.010928,0.165226,0.036351,0.066523,0.826103,0.039986,0.133911
507,0.010928,0.164648,0.036312,0.066487,0.825283,0.040142,0.134575
508,0.010928,0.164071,0.036281,0.066499,0.824284,0.040305,0.135410
509,0.010927,0.163646,0.036163,0.066519,0.823681,0.040224,0.136095
510,0.010927,0.163469,0.036218,0.066440,0.823534,0.040425,0.136041
511,0.010927,0.163057,0.036142,0.066453,0.822896,0.040428,0.136676
512,0.010927,0.162887,0.036133,0.066471,0.822547,0.040475,0.136978
513,0.010927,0.162538,0.036139,0.066461,0.821944,0.040634,0.137423
514,0.010927,0.161876,0.036038,0.066506,0.820779,0.040681,0.138540
515,0.010926,0.161528,0.036043,0.066489,0.820193,0.040838,0.138969
516,0.010926,0.161156,0.035963,0.066523,0.819544,0.040811,0.139644
517,0.010926,0.160767,0.035983,0.066415,0.819163,0.041037,0.139800
518,0.010926,0.160391,0.036025,0.066456,0.818249,0.041279,0.140472
519,0.010926,0.160056,0.035977,0.066490,0.817597,0.041309,0.141095
520,0.010926,0.159699,0.035880,0.066486,0.817125,0.041246,0.141628
521,0.010925,0.159307,0.035874,0.066470,0.816458,0.041403,0.142139
522,0.010925,0.158942,0.035906,0.066462,0.815736,0.041629,0.142635
523,0.010925,0.158661,0.035857,0.066461,0.815299,0.041641,0.143060
524,0.010925,0.158495,0.035866,0.066476,0.814915,0.041730,0.143355
525,0.010925,0.157733,0.035802,0.066470,0.813600,0.041917,0.144483
526,0.010925,0.157722,0.035750,0.066478,0.813651,0.041802,0.144547
527,0.010925,0.157437,0.035839,0.066441,0.813063,0.042133,0.144804
528,0.010924,0.157126,0.035778,0.066454,0.812531,0.042128,0.145342
529,0.010924,0.156741,0.035794,0.066471,0.811692,0.042329,0.145979
530,0.010924,0.156247,0.035780,0.066491,0.810682,0.042510,0.146807
531,0.010924,0.155911,0.035763,0.066499,0.810022,0.042619,0.147359
532,0.010924,0.155796,0.035811,0.066458,0.809848,0.042789,0.147363
533,0.010924,0.155532,0.035776,0.066484,0.809300,0.042821,0.147879
534,0.010924,0.155299,0.035701,0.066440,0.809143,0.042760,0.148097
535,0.010923,0.154773,0.035696,0.066482,0.807949,0.042976,0.149075
536,0.010923,0.154102,0.035655,0.066483,0.806674,0.043183,0.150143
537,0.010923,0.153796,0.035768,0.066481,0.805840,0.043586,0.150573
538,0.010923,0.153581,0.035703,0.066472,0.805562,0.043535,0.150903
539,0.010923,0.153341,0.035695,0.066456,0.805146,0.043629,0.151226
540,0.010923,0.153164,0.035711,0.066466,0.804716,0.043744,0.151539
541,0.010923,0.152870,0.035654,0.066432,0.804347,0.043754,0.151899
542,0.010922,0.152678,0.035586,0.066480,0.803908,0.043674,0.152419
543,0.010922,0.152279,0.035612,0.066473,0.803057,0.043919,0.153024
544,0.010922,0.152102,0.035626,0.066511,0.802522,0.044028,0.153451
545,0.010922,0.151829,0.035583,0.066470,0.802186,0.044062,0.153752
546,0.010922,0.151342,0.035514,0.066483,0.801257,0.044121,0.154621
547,0.010922,0.150946,0.035581,0.066435,0.800464,0.044478,0.155058
548,0.010922,0.150784,0.035504,0.066467,0.800155,0.044363,0.155482
549,0.010921,0.150368,0.035502,0.066485,0.799206,0.044551,0.156243
550,0.010921,0.150257,0.035496,0.066526,0.798830,0.044581,0.156589
551,0.010921,0.150249,0.035536,0.066441,0.799051,0.044697,0.156252
552,0.010921,0.149489,0.035481,0.066465,0.797437,0.044923,0.157640
553,0.010921,0.149362,0.035475,0.066504,0.797028,0.044961,0.158011
554,0.010921,0.149455,0.035446,0.066466,0.797431,0.044854,0.157715
555,0.010921,0.148923,0.035437,0.066506,0.796142,0.045081,0.158777
556,0.010921,0.149033,0.035417,0.066486,0.796498,0.044983,0.158519
557,0.010920,0.148667,0.035456,0.066452,0.795750,0.045261,0.158990
558,0.010920,0.147976,0.035373,0.066522,0.794135,0.045380,0.160485
559,0.010920,0.147790,0.035387,0.066445,0.793992,0.045520,0.160488
560,0.010920,0.147323,0.035368,0.066503,0.792766,0.045691,0.161543
561,0.010920,0.147232,0.035421,0.066489,0.792507,0.045870,0.161623
562,0.010920,0.147126,0.035341,0.066541,0.792237,0.045711,0.162051
563,0.010920,0.147083,0.035391,0.066484,0.792258,0.045870,0.161871
564,0.010920,0.146989,0.035418,0.066562,0.791690,0.045965,0.162345
565,0.010919,0.146232,0.035418,0.066479,0.790304,0.046361,0.163335
566,0.010919,0.145744,0.035424,0.066494,0.789123,0.046619,0.164258
567,0.010919,0.145791,0.035427,0.066471,0.789313,0.046607,0.164080
568,0.010919,0.145399,0.035433,0.066479,0.788373,0.046820,0.164807
569,0.010919,0.145076,0.035424,0.066433,0.787830,0.046971,0.165198
570,0.010919,0.144932,0.035422,0.066415,0.787574,0.047043,0.165382
571,0.010919,0.144606,0.035471,0.066384,0.786835,0.047343,0.165822
572,0.010919,0.144736,0.035412,0.066452,0.786994,0.047112,0.165895
573,0.010918,0.144579,0.035424,0.066430,0.786692,0.047227,0.166081
574,0.010918,0.143965,0.035402,0.066427,0.785317,0.047487,0.167196
575,0.010918,0.143425,0.035418,0.066414,0.784068,0.047813,0.168119
576,0.010918,0.143216,0.035400,0.066450,0.783465,0.047869,0.168666
577,0.010918,0.142898,0.035385,0.066447,0.782757,0.047997,0.169246
578,0.010918,0.142946,0.035358,0.066383,0.783180,0.047918,0.168902
579,0.010918,0.142592,0.035387,0.066434,0.782073,0.048168,0.169759
580,0.010917,0.142434,0.035346,0.066468,0.781647,0.048136,0.170217
581,0.010917,0.142185,0.035364,0.066421,0.781198,0.048326,0.170477
582,0.010917,0.142222,0.035327,0.066468,0.781178,0.048199,0.170623
583,0.010917,0.141566,0.035296,0.066449,0.779738,0.048470,0.171792
584,0.010917,0.141486,0.035285,0.066454,0.779546,0.048484,0.171970
585,0.010917,0.141277,0.035277,0.066422,0.779183,0.048582,0.172235
586,0.010917,0.140826,0.035302,0.066390,0.778159,0.048898,0.172943
587,0.010917,0.140823,0.035227,0.066389,0.778314,0.048704,0.172982
588,0.010917,0.140454,0.035258,0.066382,0.777372,0.048986,0.173642
589,0.010916,0.140415,0.035316,0.066365,0.777215,0.049167,0.173618
590,0.010916,0.140173,0.035269,0.066334,0.776846,0.049182,0.173972
591,0.010916,0.139858,0.035265,0.066397,0.775820,0.049326,0.174854
592,0.010916,0.139403,0.035279,0.066389,0.774686,0.049615,0.175699
593,0.010916,0.139381,0.035302,0.066369,0.774661,0.049695,0.175644
594,0.010916,0.138949,0.035274,0.066377,0.773603,0.049856,0.176541
595,0.010916,0.139355,0.035262,0.066369,0.774679,0.049603,0.175718
596,0.010916,0.138792,0.035209,0.066351,0.773460,0.049775,0.176765
597,0.010915,0.138458,0.035294,0.066361,0.772385,0.050188,0.177427
598,0.010915,0.137982,0.035276,0.066292,0.771493,0.050426,0.178081
599,0.010915,0.137878,0.035236,0.066330,0.771161,0.050366,0.178473
600,0.010915,0.137375,0.035192,0.066298,0.770099,0.050538,0.179363
601,0.010915,0.137945,0.035233,0.066325,0.771361,0.050320,0.178319
602,0.010915,0.137260,0.035181,0.066328,0.769700,0.050566,0.179734
603,0.010915,0.136988,0.035183,0.066339,0.768949,0.050721,0.180330
604,0.010915,0.136712,0.035149,0.066354,0.768242,0.050784,0.180974
605,0.010915,0.136790,0.035173,0.066342,0.768444,0.050807,0.180749
606,0.010914,0.136702,0.035127,0.066302,0.768485,0.050742,0.180773
607,0.010914,0.136354,0.035091,0.066275,0.767771,0.050848,0.181380
608,0.010914,0.135785,0.035079,0.066297,0.766210,0.051137,0.182654
609,0.010914,0.135397,0.035083,0.066239,0.765418,0.051390,0.183192
610,0.010914,0.135276,0.035038,0.066290,0.764983,0.051319,0.183698
611,0.010914,0.135442,0.035082,0.066287,0.765338,0.051346,0.183316
612,0.010914,0.134772,0.035062,0.066285,0.763605,0.051681,0.184714
613,0.010914,0.134564,0.034969,0.066294,0.763218,0.051540,0.185242
614,0.010913,0.133966,0.035040,0.066231,0.761714,0.052111,0.186176
615,0.010913,0.134224,0.035077,0.066290,0.762074,0.052046,0.185880
616,0.010913,0.133934,0.035041,0.066291,0.761369,0.052115,0.186516
617,0.010913,0.134135,0.035021,0.066236,0.762193,0.051956,0.185851
618,0.010913,0.133583,0.034965,0.066283,0.760620,0.052111,0.187269
619,0.010913,0.133446,0.034996,0.066267,0.760243,0.052284,0.187473
620,0.010913,0.133034,0.035016,0.066207,0.759331,0.052605,0.188064
621,0.010913,0.132764,0.034957,0.066214,0.758688,0.052598,0.188714
622,0.010913,0.132830,0.034928,0.066165,0.759146,0.052491,0.188364
623,0.010912,0.132865,0.034987,0.066190,0.759005,0.052630,0.188365
624,0.010912,0.131963,0.034933,0.066164,0.756741,0.053027,0.190232
625,0.010912,0.131606,0.034899,0.066148,0.755888,0.053155,0.190957
626,0.010912,0.132053,0.034889,0.066164,0.757093,0.052847,0.190061
627,0.010912,0.131977,0.034932,0.066181,0.756705,0.053012,0.190282
628,0.010912,0.131835,0.034905,0.066184,0.756358,0.053021,0.190620
629,0.010912,0.131101,0.034864,0.066164,0.754473,0.053358,0.192169
630,0.010912,0.130607,0.034878,0.066127,0.753208,0.053713,0.193079
631,0.010911,0.130407,0.034836,0.066161,0.752583,0.053704,0.193713
632,0.010911,0.130550,0.034852,0.066154,0.752986,0.053663,0.193350
633,0.010911,0.130564,0.034886,0.066108,0.753150,0.053769,0.193081
634,0.010911,0.129687,0.034823,0.066036,0.751100,0.054155,0.194745
635,0.010911,0.129482,0.034847,0.066064,0.750327,0.054346,0.195328
636,0.010911,0.130301,0.034826,0.066047,0.752806,0.053777,0.193416
637,0.010911,0.129694,0.034835,0.066048,0.751041,0.054180,0.194778
638,0.010911,0.129427,0.034822,0.066056,0.750264,0.054308,0.195427
639,0.010911,0.128438,0.034828,0.065955,0.747816,0.054987,0.197197
640,0.010910,0.128425,0.034752,0.065975,0.747865,0.054763,0.197372
641,0.010910,0.128134,0.034793,0.065970,0.746935,0.055073,0.197992
642,0.010910,0.128427,0.034756,0.065989,0.747800,0.054768,0.197432
643,0.010910,0.128393,0.034728,0.065956,0.747916,0.054718,0.197366
644,0.010910,0.128254,0.034781,0.065959,0.747364,0.054965,0.197671
645,0.010910,0.127830,0.034759,0.065868,0.746572,0.055201,0.198226
646,0.010910,0.127315,0.034734,0.065836,0.745247,0.055470,0.199284
647,0.010910,0.127031,0.034743,0.065866,0.744242,0.055671,0.200086
648,0.010910,0.126686,0.034734,0.065789,0.743574,0.055895,0.200531
649,0.010910,0.126645,0.034662,0.065816,0.743500,0.055696,0.200804
650,0.010909,0.126827,0.034631,0.065775,0.744307,0.055496,0.200197
651,0.010909,0.126039,0.034619,0.065765,0.742003,0.055980,0.202017
652,0.010909,0.126009,0.034606,0.065771,0.741914,0.055958,0.202128
653,0.010909,0.125795,0.034591,0.065763,0.741339,0.056055,0.202606
654,0.010909,0.125879,0.034588,0.065770,0.741571,0.055987,0.202442
655,0.010909,0.125208,0.034565,0.065754,0.739643,0.056368,0.203989
656,0.010909,0.125010,0.034589,0.065737,0.739054,0.056578,0.204368
657,0.010909,0.124883,0.034540,0.065705,0.738929,0.056524,0.204547
658,0.010909,0.125059,0.034556,0.065712,0.739400,0.056454,0.204146
659,0.010908,0.124570,0.034528,0.065682,0.738094,0.056707,0.205200
660,0.010908,0.124327,0.034544,0.065692,0.737251,0.056915,0.205834
661,0.010908,0.123889,0.034511,0.065695,0.735949,0.057108,0.206942
662,0.010908,0.124268,0.034498,0.065639,0.737423,0.056832,0.205745
663,0.010908,0.123935,0.034490,0.065621,0.736489,0.057038,0.206473
664,0.010908,0.123262,0.034478,0.065566,0.734654,0.057479,0.207867
665,0.010908,0.123579,0.034491,0.065584,0.735539,0.057297,0.207163
666,0.010908,0.123244,0.034483,0.065609,0.734382,0.057493,0.208125
667,0.010908,0.123042,0.034433,0.065471,0.734510,0.057525,0.207965
668,0.010907,0.122954,0.034420,0.065511,0.734077,0.057528,0.208395
669,0.010907,0.122576,0.034381,0.065413,0.733427,0.057701,0.208872
670,0.010907,0.122087,0.034380,0.065444,0.731725,0.058024,0.210251
671,0.010907,0.121772,0.034416,0.065401,0.730820,0.058374,0.210805
672,0.010907,0.121717,0.034359,0.065422,0.730682,0.058225,0.211092
673,0.010907,0.121479,0.034354,0.065400,0.730026,0.058384,0.211590
674,0.010907,0.121991,0.034333,0.065408,0.731697,0.057955,0.210348
675,0.010907,0.121222,0.034309,0.065381,0.729393,0.058429,0.212178
676,0.010907,0.120837,0.034316,0.065368,0.728183,0.058725,0.213092
677,0.010906,0.120759,0.034291,0.065387,0.727899,0.058694,0.213407
678,0.010906,0.120415,0.034277,0.065324,0.727099,0.058918,0.213983
679,0.010906,0.120407,0.034290,0.065301,0.727150,0.058974,0.213876
680,0.010906,0.120062,0.034266,0.065343,0.725870,0.059126,0.215004
681,0.010906,0.119956,0.034196,0.065299,0.725905,0.058992,0.215102
682,0.010906,0.119483,0.034164,0.065289,0.724457,0.059230,0.216313
683,0.010906,0.119267,0.034160,0.065307,0.723657,0.059364,0.216979
684,0.010906,0.119671,0.034179,0.065232,0.725324,0.059165,0.215511
685,0.010906,0.119039,0.034157,0.065180,0.723512,0.059569,0.216919
686,0.010905,0.118609,0.034143,0.065199,0.722009,0.059828,0.218163
687,0.010905,0.118587,0.034052,0.065200,0.722155,0.059545,0.218300
688,0.010905,0.118287,0.034077,0.065172,0.721208,0.059857,0.218935
689,0.010905,0.117975,0.034061,0.065181,0.720143,0.060030,0.219827
690,0.010905,0.117725,0.034009,0.065078,0.719923,0.060079,0.219998
691,0.010905,0.117411,0.033984,0.065081,0.718894,0.060228,0.220879
692,0.010905,0.117689,0.034000,0.065049,0.719963,0.060090,0.219947
693,0.010905,0.117522,0.034007,0.065063,0.719305,0.060230,0.220465
694,0.010905,0.117158,0.033917,0.065047,0.718357,0.060206,0.221437
695,0.010904,0.116736,0.033972,0.065046,0.716761,0.060701,0.222538
696,0.010904,0.116789,0.033928,0.065071,0.716934,0.060507,0.222560
697,0.010904,0.116469,0.033857,0.065027,0.716217,0.060524,0.223259
698,0.010904,0.116220,0.033903,0.065001,0.715353,0.060875,0.223772
699,0.010904,0.115711,0.033893,0.064964,0.713774,0.061241,0.224985
700,0.010904,0.115557,0.033827,0.064963,0.713406,0.061132,0.225461
701,0.010904,0.115778,0.033796,0.064904,0.714560,0.060886,0.224554
702,0.010904,0.115191,0.033814,0.064912,0.712393,0.061386,0.226221
703,0.010904,0.114782,0.033777,0.064918,0.710997,0.061570,0.227433
704,0.010904,0.114623,0.033787,0.064794,0.711021,0.061781,0.227199
705,0.010903,0.114394,0.033777,0.064804,0.710174,0.061915,0.227911
706,0.010903,0.114732,0.033789,0.064826,0.711251,0.061686,0.227063
707,0.010903,0.114442,0.033713,0.064782,0.710622,0.061670,0.227708
708,0.010903,0.113956,0.033702,0.064717,0.709225,0.062031,0.228743
709,0.010903,0.113873,0.033666,0.064717,0.709019,0.061972,0.229010
710,0.010903,0.113444,0.033717,0.064738,0.707220,0.062473,0.230307
711,0.010903,0.113631,0.033640,0.064717,0.708206,0.062069,0.229725
712,0.010903,0.113379,0.033649,0.064700,0.707350,0.062302,0.230348
713,0.010903,0.112752,0.033604,0.064669,0.705328,0.062649,0.232023
714,0.010903,0.112898,0.033577,0.064675,0.705901,0.062440,0.231659
715,0.010902,0.112488,0.033539,0.064643,0.704652,0.062643,0.232705
716,0.010902,0.112451,0.033567,0.064608,0.704623,0.062784,0.232592
717,0.010902,0.111718,0.033553,0.064568,0.702132,0.063335,0.234532
718,0.010902,0.111601,0.033515,0.064574,0.701764,0.063291,0.234945
719,0.010902,0.112294,0.033540,0.064528,0.704515,0.062850,0.232635
720,0.010902,0.112040,0.033493,0.064535,0.703664,0.062882,0.233454
721,0.010902,0.111592,0.033455,0.064521,0.702159,0.063108,0.234732
722,0.010902,0.111038,0.033391,0.064504,0.700327,0.063332,0.236341
723,0.010902,0.110687,0.033394,0.064476,0.699137,0.063636,0.237227
724,0.010901,0.110609,0.033399,0.064512,0.698642,0.063699,0.237659
725,0.010901,0.110724,0.033342,0.064494,0.699321,0.063413,0.237266
726,0.010901,0.110098,0.033324,0.064452,0.697196,0.063872,0.238932
727,0.010901,0.110266,0.033377,0.064408,0.697928,0.063947,0.238125
728,0.010901,0.109577,0.033371,0.064373,0.695472,0.064503,0.240024
729,0.010901,0.109830,0.033371,0.064376,0.696437,0.064294,0.239269
730,0.010901,0.109934,0.033342,0.064419,0.696693,0.064086,0.239221
731,0.010901,0.109033,0.033283,0.064360,0.693666,0.064636,0.241698
732,0.010901,0.108992,0.033236,0.064325,0.693818,0.064518,0.241664
733,0.010900,0.108904,0.033245,0.064348,0.693327,0.064610,0.242062
734,0.010900,0.108737,0.033205,0.064321,0.692924,0.064617,0.242459
735,0.010900,0.108107,0.033191,0.064317,0.690508,0.065089,0.244403
736,0.010900,0.108411,0.033226,0.064265,0.691886,0.064989,0.243125
737,0.010900,0.107962,0.033101,0.064217,0.690702,0.064929,0.244369
738,0.010900,0.107663,0.033168,0.064253,0.689146,0.065405,0.245449
739,0.010900,0.107883,0.033138,0.064204,0.690356,0.065134,0.244510
740,0.010900,0.107631,0.033126,0.064205,0.689387,0.065301,0.245313
741,0.010900,0.106842,0.033116,0.064178,0.686394,0.065941,0.247665
742,0.010900,0.107203,0.033085,0.064083,0.688430,0.065569,0.246001
743,0.010899,0.106474,0.033071,0.064123,0.685323,0.066117,0.248560
744,0.010899,0.106301,0.033034,0.064115,0.684764,0.066128,0.249107
745,0.010899,0.106286,0.033072,0.064111,0.684619,0.066286,0.249095
746,0.010899,0.106442,0.033108,0.064108,0.685172,0.066288,0.248540
747,0.010899,0.106098,0.033034,0.064085,0.684099,0.066318,0.249584
748,0.010899,0.105667,0.033051,0.064050,0.682476,0.066768,0.250756
749,0.010899,0.105830,0.032964,0.064017,0.683563,0.066320,0.250118
750,0.010899,0.105254,0.032945,0.063971,0.681495,0.066767,0.251738
751,0.010899,0.105166,0.032957,0.063955,0.681182,0.066898,0.251920
752,0.010899,0.105318,0.032959,0.063918,0.682004,0.066793,0.251203
753,0.010899,0.105021,0.032857,0.063845,0.681450,0.066702,0.251848
754,0.010898,0.104379,0.032925,0.063891,0.678343,0.067498,0.254159
755,0.010898,0.104315,0.032923,0.063863,0.678232,0.067559,0.254209
756,0.010898,0.104365,0.032842,0.063906,0.678437,0.067183,0.254380
757,0.010898,0.103980,0.032818,0.063959,0.676602,0.067401,0.255997
758,0.010898,0.103527,0.032831,0.063960,0.674643,0.067849,0.257508
759,0.010898,0.103353,0.032830,0.063879,0.674352,0.068042,0.257605
760,0.010898,0.103450,0.032816,0.063860,0.674904,0.067915,0.257180
761,0.010898,0.102903,0.032825,0.063812,0.672811,0.068460,0.258729
762,0.010898,0.103685,0.032714,0.063842,0.676281,0.067322,0.256396
763,0.010898,0.102912,0.032677,0.063741,0.673653,0.067918,0.258429
764,0.010897,0.102381,0.032717,0.063760,0.671160,0.068537,0.260303
765,0.010897,0.102425,0.032642,0.063785,0.671421,0.068192,0.260387
766,0.010897,0.102102,0.032643,0.063687,0.670559,0.068542,0.260900
767,0.010897,0.101750,0.032631,0.063697,0.669014,0.068804,0.262182
768,0.010897,0.101804,0.032615,0.063738,0.669069,0.068672,0.262259
769,0.010897,0.101445,0.032625,0.063733,0.667498,0.069039,0.263463
770,0.010897,0.101416,0.032600,0.063680,0.667735,0.068997,0.263267
771,0.010897,0.100899,0.032480,0.063687,0.665767,0.068990,0.265243
772,0.010897,0.101152,0.032519,0.063592,0.667293,0.068968,0.263739
773,0.010897,0.100643,0.032521,0.063601,0.664998,0.069435,0.265567
774,0.010896,0.100429,0.032509,0.063594,0.664118,0.069587,0.266295
775,0.010896,0.100432,0.032509,0.063576,0.664233,0.069595,0.266172
776,0.010896,0.100380,0.032487,0.063550,0.664209,0.069572,0.266218
777,0.010896,0.100050,0.032425,0.063560,0.662862,0.069621,0.267517
778,0.010896,0.099573,0.032410,0.063467,0.661282,0.070061,0.268657
779,0.010896,0.099440,0.032401,0.063480,0.660636,0.070139,0.269225
780,0.010896,0.099460,0.032412,0.063503,0.660566,0.070149,0.269285
781,0.010896,0.100032,0.032392,0.063490,0.663261,0.069548,0.267190
782,0.010896,0.099378,0.032359,0.063483,0.660459,0.070026,0.269515
783,0.010896,0.098793,0.032300,0.063459,0.658108,0.070350,0.271542
784,0.010895,0.098482,0.032295,0.063377,0.657168,0.070670,0.272162
785,0.010895,0.099348,0.032287,0.063384,0.661086,0.069824,0.269090
786,0.010895,0.098412,0.032237,0.063323,0.657320,0.070534,0.272145
787,0.010895,0.097916,0.032268,0.063340,0.654856,0.071117,0.274027
788,0.010895,0.097976,0.032248,0.063399,0.654855,0.070944,0.274202
789,0.010895,0.098593,0.032255,0.063430,0.657496,0.070371,0.272133
790,0.010895,0.098329,0.032204,0.063391,0.656651,0.070437,0.272912
791,0.010895,0.097742,0.032209,0.063336,0.654246,0.071046,0.274709
792,0.010895,0.097493,0.032192,0.063286,0.653422,0.071242,0.275336
793,0.010895,0.097207,0.032129,0.063248,0.652490,0.071282,0.276228
794,0.010895,0.097246,0.032112,0.063277,0.652555,0.071157,0.276288
795,0.010894,0.096486,0.032126,0.063202,0.649376,0.071991,0.278633
796,0.010894,0.096389,0.032090,0.063239,0.648810,0.071912,0.279278
797,0.010894,0.097166,0.032083,0.063214,0.652624,0.071151,0.276226
798,0.010894,0.096408,0.032046,0.063213,0.649178,0.071725,0.279097
799,0.010894,0.095805,0.032105,0.063160,0.646449,0.072594,0.280957
800,0.010894,0.095634,0.032055,0.063177,0.645682,0.072539,0.281778
801,0.010894,0.095294,0.032061,0.063118,0.644375,0.072940,0.282685
802,0.010894,0.095636,0.031983,0.063102,0.646333,0.072288,0.281380
803,0.010894,0.095809,0.031984,0.063172,0.646746,0.072077,0.281177
804,0.010894,0.094938,0.031990,0.063177,0.642520,0.072953,0.284527
805,0.010894,0.095031,0.032029,0.063119,0.643192,0.073065,0.283743
806,0.010893,0.094756,0.031981,0.063087,0.642190,0.073154,0.284656
807,0.010893,0.094621,0.031950,0.063064,0.641750,0.073172,0.285078
808,0.010893,0.094424,0.031912,0.063073,0.640856,0.073199,0.285945
809,0.010893,0.094336,0.031881,0.063071,0.640527,0.073155,0.286318
810,0.010893,0.094480,0.031884,0.063027,0.641479,0.073056,0.285464
811,0.010893,0.093758,0.031850,0.063019,0.638090,0.073634,0.288277
812,0.010893,0.093531,0.031827,0.063004,0.637124,0.073774,0.289103
813,0.010893,0.093481,0.031809,0.062947,0.637261,0.073787,0.288952
814,0.010893,0.093601,0.031823,0.062949,0.637808,0.073723,0.288469
815,0.010893,0.093598,0.031830,0.062997,0.637487,0.073726,0.288787
816,0.010893,0.093257,0.031821,0.062986,0.635888,0.074037,0.290074
817,0.010892,0.093098,0.031790,0.062989,0.635175,0.074064,0.290762
818,0.010892,0.092818,0.031773,0.062951,0.634051,0.074297,0.291653
819,0.010892,0.093057,0.031763,0.062925,0.635427,0.074030,0.290543
820,0.010892,0.092361,0.031707,0.062852,0.632535,0.074546,0.292919
821,0.010892,0.092128,0.031716,0.062874,0.631204,0.074809,0.293987
822,0.010892,0.092038,0.031702,0.062871,0.630810,0.074838,0.294351
823,0.010892,0.091832,0.031713,0.062913,0.629486,0.075069,0.295444
824,0.010892,0.092143,0.031709,0.062859,0.631392,0.074770,0.293839
825,0.010892,0.092053,0.031728,0.062871,0.630813,0.074938,0.294249
826,0.010892,0.091545,0.031750,0.062809,0.628531,0.075602,0.295867
827,0.010892,0.091203,0.031682,0.062835,0.626826,0.075640,0.297534
828,0.010892,0.092577,0.031636,0.062852,0.633828,0.074018,0.292154
829,0.010891,0.090869,0.031617,0.062770,0.625691,0.075749,0.298560
830,0.010891,0.090887,0.031624,0.062770,0.625762,0.075760,0.298479
831,0.010891,0.090793,0.031636,0.062720,0.625538,0.075947,0.298514
832,0.010891,0.091583,0.031601,0.062754,0.629493,0.074947,0.295560
833,0.010891,0.090471,0.031574,0.062721,0.624057,0.076006,0.299937
834,0.010891,0.090431,0.031601,0.062686,0.623971,0.076197,0.299832
835,0.010891,0.089961,0.031587,0.062688,0.621556,0.076628,0.301816
836,0.010891,0.090571,0.031573,0.062689,0.624771,0.075923,0.299307
837,0.010891,0.090060,0.031535,0.062688,0.622227,0.076291,0.301482
838,0.010891,0.089590,0.031529,0.062642,0.620061,0.076795,0.303145
839,0.010891,0.089226,0.031513,0.062624,0.618301,0.077124,0.304575
840,0.010891,0.090054,0.031498,0.062603,0.622821,0.076193,0.300986
841,0.010890,0.090046,0.031511,0.062588,0.622830,0.076273,0.300898
842,0.010890,0.089270,0.031547,0.062565,0.618784,0.077276,0.303940
843,0.010890,0.088706,0.031485,0.062545,0.616096,0.077616,0.306288
844,0.010890,0.088671,0.031475,0.062569,0.615795,0.077589,0.306617
845,0.010890,0.088925,0.031473,0.062522,0.617438,0.077342,0.305220
846,0.010890,0.088291,0.031442,0.062489,0.614351,0.077909,0.307740
847,0.010890,0.088143,0.031464,0.062495,0.613450,0.078168,0.308382
848,0.010890,0.087967,0.031434,0.062495,0.612591,0.078222,0.309186
849,0.010890,0.088535,0.031475,0.062538,0.615257,0.077760,0.306983
850,0.010890,0.087904,0.031465,0.062524,0.611978,0.078412,0.309610
851,0.010890,0.087700,0.031392,0.062515,0.611159,0.078305,0.310536
852,0.010889,0.087532,0.031440,0.062469,0.610376,0.078747,0.310877
853,0.010889,0.087444,0.031386,0.062475,0.610025,0.078591,0.311384
854,0.010889,0.087505,0.031384,0.062431,0.610633,0.078546,0.310821
855,0.010889,0.086899,0.031404,0.062416,0.607350,0.079320,0.313330
856,0.010889,0.086695,0.031350,0.062379,0.606618,0.079325,0.314057
857,0.010889,0.086818,0.031375,0.062418,0.606982,0.079275,0.313744
858,0.010889,0.086442,0.031346,0.062381,0.605229,0.079586,0.315185
859,0.010889,0.086468,0.031322,0.062351,0.605629,0.079468,0.314903
860,0.010889,0.086338,0.031370,0.062287,0.605154,0.079888,0.314958
861,0.010889,0.086412,0.031295,0.062307,0.605674,0.079437,0.314889
862,0.010889,0.085865,0.031288,0.062260,0.602940,0.080056,0.317004
863,0.010889,0.085800,0.031292,0.062229,0.602753,0.080174,0.317073
864,0.010889,0.086513,0.031253,0.062266,0.606608,0.079166,0.314226
865,0.010888,0.085752,0.031264,0.062246,0.602474,0.080083,0.317443
866,0.010888,0.085804,0.031282,0.062277,0.602518,0.080083,0.317399
867,0.010888,0.085665,0.031312,0.062284,0.601605,0.080375,0.318020
868,0.010888,0.086090,0.031265,0.062246,0.604347,0.079710,0.315944
869,0.010888,0.085788,0.031308,0.062231,0.602625,0.080261,0.317114
870,0.010888,0.084953,0.031254,0.062168,0.598489,0.081006,0.320504
871,0.010888,0.085047,0.031302,0.062133,0.599089,0.081153,0.319759
872,0.010888,0.084817,0.031234,0.062080,0.598326,0.081137,0.320538
873,0.010888,0.085193,0.031231,0.062100,0.600338,0.080677,0.318986
874,0.010888,0.084620,0.031208,0.062087,0.597245,0.081232,0.321523
875,0.010888,0.084266,0.031216,0.062098,0.595136,0.081671,0.323193
876,0.010888,0.084203,0.031232,0.062092,0.594761,0.081825,0.323414
877,0.010887,0.084293,0.031156,0.062049,0.595779,0.081393,0.322828
878,0.010887,0.084734,0.031166,0.062013,0.598480,0.080966,0.320554
879,0.010887,0.083557,0.031144,0.061963,0.592119,0.082259,0.325622
880,0.010887,0.083687,0.031119,0.061952,0.593015,0.081998,0.324988
881,0.010887,0.083508,0.031150,0.061912,0.592134,0.082392,0.325474
882,0.010887,0.085399,0.031126,0.061974,0.602594,0.080053,0.317353
883,0.010887,0.084450,0.031128,0.061933,0.597486,0.081174,0.321340
884,0.010887,0.084089,0.031117,0.061939,0.595412,0.081536,0.323052
885,0.010887,0.083505,0.031105,0.061891,0.592390,0.082196,0.325414
886,0.010887,0.083980,0.031126,0.061887,0.595087,0.081747,0.323166
887,0.010887,0.083789,0.031063,0.061826,0.594565,0.081717,0.323719
888,0.010887,0.082670,0.031071,0.061834,0.587989,0.083057,0.328955
889,0.010887,0.082641,0.031075,0.061802,0.588009,0.083143,0.328848
890,0.010886,0.082565,0.031083,0.061787,0.587633,0.083282,0.329085
891,0.010886,0.082133,0.031036,0.061793,0.585197,0.083558,0.331246
892,0.010886,0.082194,0.031081,0.061818,0.585256,0.083688,0.331056
893,0.010886,0.081979,0.031087,0.061814,0.583997,0.083976,0.332027
894,0.010886,0.081914,0.031037,0.061772,0.584032,0.083846,0.332123
895,0.010886,0.081507,0.031018,0.061740,0.581870,0.084270,0.333860
896,0.010886,0.082848,0.030946,0.061672,0.590439,0.082379,0.327182
897,0.010886,0.081192,0.030929,0.061633,0.580942,0.084303,0.334755
898,0.010886,0.081609,0.030939,0.061656,0.583256,0.083827,0.332917
899,0.010886,0.081476,0.030893,0.061580,0.583086,0.083832,0.333082
900,0.010886,0.081188,0.030921,0.061583,0.581257,0.084311,0.334433
901,0.010886,0.081329,0.030888,0.061602,0.582088,0.083961,0.333951
902,0.010886,0.080797,0.030905,0.061611,0.578780,0.084680,0.336540
903,0.010885,0.080377,0.030906,0.061658,0.575939,0.085152,0.338910
904,0.010885,0.080619,0.030886,0.061571,0.578018,0.084838,0.337144
905,0.010885,0.081149,0.030801,0.061572,0.581471,0.083774,0.334755
906,0.010885,0.080218,0.030874,0.061597,0.575456,0.085243,0.339301
907,0.010885,0.080096,0.030838,0.061541,0.575182,0.085262,0.339556
908,0.010885,0.080786,0.030807,0.061566,0.579310,0.084244,0.336446
909,0.010885,0.079678,0.030764,0.061511,0.573047,0.085426,0.341527
910,0.010885,0.080067,0.030780,0.061469,0.575652,0.085069,0.339279
911,0.010885,0.080352,0.030770,0.061462,0.577457,0.084679,0.337864
912,0.010885,0.079534,0.030736,0.061433,0.572748,0.085537,0.341715
913,0.010885,0.079460,0.030660,0.061407,0.572701,0.085269,0.342031
914,0.010885,0.079108,0.030679,0.061403,0.570492,0.085802,0.343706
915,0.010885,0.078860,0.030725,0.061381,0.568943,0.086368,0.344689
916,0.010884,0.078995,0.030669,0.061414,0.569753,0.085879,0.344368
917,0.010884,0.078999,0.030697,0.061405,0.569742,0.086026,0.344232
918,0.010884,0.078986,0.030684,0.061418,0.569624,0.085964,0.344412
919,0.010884,0.078902,0.030680,0.061373,0.569403,0.086089,0.344508
920,0.010884,0.078761,0.030657,0.061392,0.568480,0.086128,0.345391
921,0.010884,0.078206,0.030600,0.061295,0.565810,0.086622,0.347568
922,0.010884,0.078769,0.030543,0.061241,0.569858,0.085681,0.344461
923,0.010884,0.078428,0.030552,0.061221,0.567829,0.086170,0.346001
924,0.010884,0.078314,0.030568,0.061281,0.566681,0.086334,0.346985
925,0.010884,0.078144,0.030564,0.061248,0.565841,0.086561,0.347598
926,0.010884,0.078574,0.030497,0.061177,0.569202,0.085747,0.345051
927,0.010884,0.077945,0.030503,0.061221,0.564949,0.086521,0.348530
928,0.010884,0.077742,0.030532,0.061200,0.563709,0.086950,0.349341
929,0.010883,0.077656,0.030506,0.061201,0.563244,0.086921,0.349836
930,0.010883,0.077059,0.030453,0.061113,0.560181,0.087488,0.352332
931,0.010883,0.077463,0.030445,0.061076,0.563024,0.086968,0.350008
932,0.010883,0.076911,0.030396,0.061051,0.559820,0.087441,0.352740
933,0.010883,0.076842,0.030425,0.061060,0.559222,0.087670,0.353108
934,0.010883,0.076632,0.030358,0.061042,0.558209,0.087603,0.354188
935,0.010883,0.078709,0.030365,0.061102,0.570949,0.084974,0.344077
936,0.010883,0.077661,0.030385,0.061125,0.564152,0.086359,0.349489
937,0.010883,0.077593,0.030472,0.061165,0.563191,0.086855,0.349953
938,0.010883,0.076621,0.030391,0.061062,0.557901,0.087770,0.354329
939,0.010883,0.077385,0.030364,0.061092,0.562689,0.086627,0.350684
940,0.010883,0.076520,0.030343,0.060926,0.558287,0.087784,0.353929
941,0.010883,0.076405,0.030343,0.060918,0.557602,0.087940,0.354458
942,0.010882,0.075738,0.030287,0.060902,0.553552,0.088522,0.357926
943,0.010882,0.076295,0.030351,0.060954,0.556620,0.088091,0.355289
944,0.010882,0.076822,0.030324,0.060972,0.559997,0.087255,0.352747
945,0.010882,0.076138,0.030313,0.060968,0.555641,0.088076,0.356282
946,0.010882,0.076430,0.030211,0.060928,0.558115,0.087203,0.354682
947,0.010882,0.075634,0.030209,0.060881,0.553264,0.088259,0.358477
948,0.010882,0.075329,0.030225,0.060844,0.551457,0.088780,0.359763
949,0.010882,0.075722,0.030190,0.060755,0.554719,0.088179,0.357102
950,0.010882,0.074728,0.030176,0.060777,0.548083,0.089374,0.362543
951,0.010882,0.074902,0.030205,0.060820,0.548862,0.089255,0.361884
952,0.010882,0.075700,0.030174,0.060876,0.553840,0.087995,0.358165
953,0.010882,0.075649,0.030231,0.060878,0.553314,0.088362,0.358324
954,0.010882,0.075215,0.030221,0.060894,0.550390,0.088854,0.360756
955,0.010882,0.074636,0.030153,0.060752,0.547713,0.089398,0.362889
956,0.010881,0.074575,0.030179,0.060693,0.547611,0.089681,0.362708
957,0.010881,0.074821,0.030064,0.060615,0.550126,0.088822,0.361052
958,0.010881,0.075477,0.030093,0.060567,0.554660,0.088171,0.357168
959,0.010881,0.074020,0.030095,0.060557,0.545071,0.090104,0.364825
960,0.010881,0.074361,0.030096,0.060599,0.547073,0.089610,0.363318
961,0.010881,0.075275,0.030110,0.060684,0.552509,0.088405,0.359086
962,0.010881,0.074312,0.030065,0.060658,0.546459,0.089445,0.364096
963,0.010881,0.074094,0.030003,0.060622,0.545440,0.089434,0.365126
964,0.010881,0.073762,0.030040,0.060541,0.543622,0.090165,0.366213
965,0.010881,0.074113,0.029969,0.060521,0.546343,0.089332,0.364326
966,0.010881,0.073441,0.030016,0.060498,0.541820,0.090510,0.367669
967,0.010881,0.073710,0.029969,0.060551,0.543436,0.089834,0.366730
968,0.010881,0.073802,0.029996,0.060618,0.543534,0.089789,0.366677
969,0.010881,0.073650,0.030005,0.060561,0.542848,0.090098,0.367054
970,0.010880,0.072966,0.029974,0.060631,0.537853,0.090766,0.371381
971,0.010880,0.073384,0.029980,0.060573,0.541060,0.090301,0.368638
972,0.010880,0.072743,0.029951,0.060469,0.537482,0.091117,0.371400
973,0.010880,0.072481,0.029882,0.060418,0.536252,0.091144,0.372604
974,0.010880,0.072304,0.029909,0.060378,0.535207,0.091578,0.373215
975,0.010880,0.072290,0.029855,0.060332,0.535592,0.091349,0.373059
976,0.010880,0.072449,0.029867,0.060310,0.536793,0.091226,0.371981
977,0.010880,0.071595,0.029876,0.060294,0.530967,0.092461,0.376572
978,0.010880,0.071985,0.029882,0.060325,0.533448,0.091922,0.374629
979,0.010880,0.071693,0.029851,0.060308,0.531640,0.092167,0.376194
980,0.010880,0.071228,0.029835,0.060318,0.528381,0.092703,0.378916
981,0.010880,0.071631,0.029806,0.060305,0.531377,0.092003,0.376620
982,0.010880,0.071183,0.029799,0.060286,0.528393,0.092603,0.379004
983,0.010880,0.071362,0.029762,0.060253,0.529992,0.092183,0.377824
984,0.010879,0.070834,0.029775,0.060248,0.526277,0.092992,0.380732
985,0.010879,0.071112,0.029772,0.060213,0.528473,0.092633,0.378894
986,0.010879,0.071063,0.029807,0.060231,0.527899,0.092875,0.379226
987,0.010879,0.070502,0.029806,0.060181,0.524279,0.093707,0.382014
988,0.010879,0.070980,0.029788,0.060202,0.527571,0.092917,0.379511
989,0.010879,0.070491,0.029744,0.060077,0.525096,0.093490,0.381415
990,0.010879,0.070353,0.029698,0.060108,0.524064,0.093387,0.382549
991,0.010879,0.070436,0.029674,0.060059,0.525061,0.093189,0.381750
992,0.010879,0.070089,0.029664,0.060079,0.522496,0.093592,0.383912
993,0.010879,0.070173,0.029708,0.060025,0.523315,0.093794,0.382891
994,0.010879,0.070499,0.029706,0.060059,0.525401,0.093288,0.381311
995,0.010879,0.069656,0.029678,0.060085,0.519314,0.094273,0.386413
996,0.010879,0.070096,0.029703,0.060129,0.522083,0.093750,0.384167
997,0.010879,0.069760,0.029683,0.060097,0.519968,0.094139,0.385893
998,0.010878,0.069476,0.029663,0.060026,0.518468,0.094514,0.387018
999,0.010878,0.069747,0.029620,0.059947,0.521082,0.093980,0.384939
